Municipios;Sexo;Periodo;Total
25 Lleida;Total;2022;441.443
25 Lleida;Total;2021;439.727
25 Lleida;Total;2020;438.517
25 Lleida;Total;2019;434.930
25 Lleida;Total;2018;432.866
25 Lleida;Total;2017;432.384
25 Lleida;Total;2016;434.041
25 Lleida;Total;2015;436.029
25001 Abella de la Conca;Total;2022;167
25001 Abella de la Conca;Total;2021;171
25001 Abella de la Conca;Total;2020;183
25001 Abella de la Conca;Total;2019;179
25001 Abella de la Conca;Total;2018;181
25001 Abella de la Conca;Total;2017;184
25001 Abella de la Conca;Total;2016;181
25001 Abella de la Conca;Total;2015;170
25002 Àger;Total;2022;580
25002 Àger;Total;2021;588
25002 Àger;Total;2020;580
25002 Àger;Total;2019;588
25002 Àger;Total;2018;611
25002 Àger;Total;2017;586
25002 Àger;Total;2016;602
25002 Àger;Total;2015;613
25003 Agramunt;Total;2022;5.479
25003 Agramunt;Total;2021;5.464
25003 Agramunt;Total;2020;5.411
25003 Agramunt;Total;2019;5.371
25003 Agramunt;Total;2018;5.393
25003 Agramunt;Total;2017;5.405
25003 Agramunt;Total;2016;5.390
25003 Agramunt;Total;2015;5.491
25038 Aitona;Total;2022;2.521
25038 Aitona;Total;2021;2.493
25038 Aitona;Total;2020;2.567
25038 Aitona;Total;2019;2.591
25038 Aitona;Total;2018;2.545
25038 Aitona;Total;2017;2.548
25038 Aitona;Total;2016;2.523
25038 Aitona;Total;2015;2.456
25004 Alamús, Els;Total;2022;781
25004 Alamús, Els;Total;2021;773
25004 Alamús, Els;Total;2020;811
25004 Alamús, Els;Total;2019;819
25004 Alamús, Els;Total;2018;796
25004 Alamús, Els;Total;2017;777
25004 Alamús, Els;Total;2016;799
25004 Alamús, Els;Total;2015;778
25005 Alàs i Cerc;Total;2022;329
25005 Alàs i Cerc;Total;2021;322
25005 Alàs i Cerc;Total;2020;320
25005 Alàs i Cerc;Total;2019;329
25005 Alàs i Cerc;Total;2018;342
25005 Alàs i Cerc;Total;2017;351
25005 Alàs i Cerc;Total;2016;350
25005 Alàs i Cerc;Total;2015;356
25006 Albagés, L';Total;2022;348
25006 Albagés, L';Total;2021;357
25006 Albagés, L';Total;2020;361
25006 Albagés, L';Total;2019;369
25006 Albagés, L';Total;2018;375
25006 Albagés, L';Total;2017;393
25006 Albagés, L';Total;2016;403
25006 Albagés, L';Total;2015;419
25007 Albatàrrec;Total;2022;2.217
25007 Albatàrrec;Total;2021;2.224
25007 Albatàrrec;Total;2020;2.236
25007 Albatàrrec;Total;2019;2.221
25007 Albatàrrec;Total;2018;2.335
25007 Albatàrrec;Total;2017;2.275
25007 Albatàrrec;Total;2016;2.291
25007 Albatàrrec;Total;2015;2.214
25008 Albesa;Total;2022;1.579
25008 Albesa;Total;2021;1.561
25008 Albesa;Total;2020;1.561
25008 Albesa;Total;2019;1.556
25008 Albesa;Total;2018;1.576
25008 Albesa;Total;2017;1.582
25008 Albesa;Total;2016;1.596
25008 Albesa;Total;2015;1.624
25009 Albi, L';Total;2022;755
25009 Albi, L';Total;2021;749
25009 Albi, L';Total;2020;744
25009 Albi, L';Total;2019;764
25009 Albi, L';Total;2018;762
25009 Albi, L';Total;2017;781
25009 Albi, L';Total;2016;803
25009 Albi, L';Total;2015;819
25010 Alcanó;Total;2022;240
25010 Alcanó;Total;2021;233
25010 Alcanó;Total;2020;238
25010 Alcanó;Total;2019;235
25010 Alcanó;Total;2018;232
25010 Alcanó;Total;2017;243
25010 Alcanó;Total;2016;249
25010 Alcanó;Total;2015;246
25011 Alcarràs;Total;2022;9.637
25011 Alcarràs;Total;2021;9.678
25011 Alcarràs;Total;2020;9.707
25011 Alcarràs;Total;2019;9.514
25011 Alcarràs;Total;2018;9.422
25011 Alcarràs;Total;2017;9.363
25011 Alcarràs;Total;2016;9.297
25011 Alcarràs;Total;2015;9.372
25012 Alcoletge;Total;2022;3.470
25012 Alcoletge;Total;2021;3.492
25012 Alcoletge;Total;2020;3.435
25012 Alcoletge;Total;2019;3.420
25012 Alcoletge;Total;2018;3.419
25012 Alcoletge;Total;2017;3.415
25012 Alcoletge;Total;2016;3.375
25012 Alcoletge;Total;2015;3.285
25013 Alfarràs;Total;2022;2.795
25013 Alfarràs;Total;2021;2.759
25013 Alfarràs;Total;2020;2.765
25013 Alfarràs;Total;2019;2.797
25013 Alfarràs;Total;2018;2.822
25013 Alfarràs;Total;2017;2.879
25013 Alfarràs;Total;2016;2.923
25013 Alfarràs;Total;2015;2.976
25014 Alfés;Total;2022;300
25014 Alfés;Total;2021;301
25014 Alfés;Total;2020;297
25014 Alfés;Total;2019;312
25014 Alfés;Total;2018;313
25014 Alfés;Total;2017;313
25014 Alfés;Total;2016;326
25014 Alfés;Total;2015;326
25015 Algerri;Total;2022;422
25015 Algerri;Total;2021;423
25015 Algerri;Total;2020;404
25015 Algerri;Total;2019;386
25015 Algerri;Total;2018;399
25015 Algerri;Total;2017;417
25015 Algerri;Total;2016;423
25015 Algerri;Total;2015;422
25016 Alguaire;Total;2022;3.040
25016 Alguaire;Total;2021;3.065
25016 Alguaire;Total;2020;3.029
25016 Alguaire;Total;2019;2.971
25016 Alguaire;Total;2018;2.937
25016 Alguaire;Total;2017;2.970
25016 Alguaire;Total;2016;3.006
25016 Alguaire;Total;2015;3.002
25017 Alins;Total;2022;285
25017 Alins;Total;2021;279
25017 Alins;Total;2020;272
25017 Alins;Total;2019;276
25017 Alins;Total;2018;290
25017 Alins;Total;2017;286
25017 Alins;Total;2016;287
25017 Alins;Total;2015;288
25019 Almacelles;Total;2022;6.922
25019 Almacelles;Total;2021;6.875
25019 Almacelles;Total;2020;6.826
25019 Almacelles;Total;2019;6.791
25019 Almacelles;Total;2018;6.789
25019 Almacelles;Total;2017;6.857
25019 Almacelles;Total;2016;6.800
25019 Almacelles;Total;2015;6.766
25020 Almatret;Total;2022;302
25020 Almatret;Total;2021;310
25020 Almatret;Total;2020;305
25020 Almatret;Total;2019;307
25020 Almatret;Total;2018;314
25020 Almatret;Total;2017;319
25020 Almatret;Total;2016;327
25020 Almatret;Total;2015;326
25021 Almenar;Total;2022;3.401
25021 Almenar;Total;2021;3.365
25021 Almenar;Total;2020;3.357
25021 Almenar;Total;2019;3.398
25021 Almenar;Total;2018;3.453
25021 Almenar;Total;2017;3.468
25021 Almenar;Total;2016;3.502
25021 Almenar;Total;2015;3.525
25022 Alòs de Balaguer;Total;2022;121
25022 Alòs de Balaguer;Total;2021;122
25022 Alòs de Balaguer;Total;2020;132
25022 Alòs de Balaguer;Total;2019;130
25022 Alòs de Balaguer;Total;2018;131
25022 Alòs de Balaguer;Total;2017;128
25022 Alòs de Balaguer;Total;2016;125
25022 Alòs de Balaguer;Total;2015;123
25023 Alpicat;Total;2022;6.333
25023 Alpicat;Total;2021;6.274
25023 Alpicat;Total;2020;6.266
25023 Alpicat;Total;2019;6.255
25023 Alpicat;Total;2018;6.230
25023 Alpicat;Total;2017;6.285
25023 Alpicat;Total;2016;6.233
25023 Alpicat;Total;2015;6.275
25024 Alt Àneu;Total;2022;441
25024 Alt Àneu;Total;2021;430
25024 Alt Àneu;Total;2020;414
25024 Alt Àneu;Total;2019;405
25024 Alt Àneu;Total;2018;406
25024 Alt Àneu;Total;2017;405
25024 Alt Àneu;Total;2016;402
25024 Alt Àneu;Total;2015;407
25027 Anglesola;Total;2022;1.350
25027 Anglesola;Total;2021;1.356
25027 Anglesola;Total;2020;1.365
25027 Anglesola;Total;2019;1.363
25027 Anglesola;Total;2018;1.328
25027 Anglesola;Total;2017;1.324
25027 Anglesola;Total;2016;1.335
25027 Anglesola;Total;2015;1.378
25029 Arbeca;Total;2022;2.100
25029 Arbeca;Total;2021;2.141
25029 Arbeca;Total;2020;2.126
25029 Arbeca;Total;2019;2.144
25029 Arbeca;Total;2018;2.162
25029 Arbeca;Total;2017;2.231
25029 Arbeca;Total;2016;2.240
25029 Arbeca;Total;2015;2.278
25031 Arres;Total;2022;61
25031 Arres;Total;2021;67
25031 Arres;Total;2020;60
25031 Arres;Total;2019;65
25031 Arres;Total;2018;63
25031 Arres;Total;2017;59
25031 Arres;Total;2016;64
25031 Arres;Total;2015;67
25032 Arsèguel;Total;2022;80
25032 Arsèguel;Total;2021;85
25032 Arsèguel;Total;2020;81
25032 Arsèguel;Total;2019;84
25032 Arsèguel;Total;2018;85
25032 Arsèguel;Total;2017;82
25032 Arsèguel;Total;2016;83
25032 Arsèguel;Total;2015;79
25033 Artesa de Lleida;Total;2022;1.505
25033 Artesa de Lleida;Total;2021;1.525
25033 Artesa de Lleida;Total;2020;1.535
25033 Artesa de Lleida;Total;2019;1.504
25033 Artesa de Lleida;Total;2018;1.538
25033 Artesa de Lleida;Total;2017;1.527
25033 Artesa de Lleida;Total;2016;1.512
25033 Artesa de Lleida;Total;2015;1.517
25034 Artesa de Segre;Total;2022;3.470
25034 Artesa de Segre;Total;2021;3.441
25034 Artesa de Segre;Total;2020;3.400
25034 Artesa de Segre;Total;2019;3.432
25034 Artesa de Segre;Total;2018;3.447
25034 Artesa de Segre;Total;2017;3.508
25034 Artesa de Segre;Total;2016;3.556
25034 Artesa de Segre;Total;2015;3.614
25036 Aspa;Total;2022;221
25036 Aspa;Total;2021;207
25036 Aspa;Total;2020;220
25036 Aspa;Total;2019;224
25036 Aspa;Total;2018;217
25036 Aspa;Total;2017;214
25036 Aspa;Total;2016;217
25036 Aspa;Total;2015;218
25037 Avellanes i Santa Linya, Les;Total;2022;459
25037 Avellanes i Santa Linya, Les;Total;2021;447
25037 Avellanes i Santa Linya, Les;Total;2020;433
25037 Avellanes i Santa Linya, Les;Total;2019;449
25037 Avellanes i Santa Linya, Les;Total;2018;455
25037 Avellanes i Santa Linya, Les;Total;2017;455
25037 Avellanes i Santa Linya, Les;Total;2016;465
25037 Avellanes i Santa Linya, Les;Total;2015;473
25039 Baix Pallars;Total;2022;345
25039 Baix Pallars;Total;2021;342
25039 Baix Pallars;Total;2020;331
25039 Baix Pallars;Total;2019;335
25039 Baix Pallars;Total;2018;330
25039 Baix Pallars;Total;2017;341
25039 Baix Pallars;Total;2016;342
25039 Baix Pallars;Total;2015;350
25040 Balaguer;Total;2022;17.460
25040 Balaguer;Total;2021;17.409
25040 Balaguer;Total;2020;17.472
25040 Balaguer;Total;2019;17.162
25040 Balaguer;Total;2018;16.841
25040 Balaguer;Total;2017;16.670
25040 Balaguer;Total;2016;16.530
25040 Balaguer;Total;2015;16.479
25041 Barbens;Total;2022;979
25041 Barbens;Total;2021;943
25041 Barbens;Total;2020;878
25041 Barbens;Total;2019;878
25041 Barbens;Total;2018;939
25041 Barbens;Total;2017;933
25041 Barbens;Total;2016;943
25041 Barbens;Total;2015;900
25042 Baronia de Rialb, La;Total;2022;229
25042 Baronia de Rialb, La;Total;2021;229
25042 Baronia de Rialb, La;Total;2020;229
25042 Baronia de Rialb, La;Total;2019;237
25042 Baronia de Rialb, La;Total;2018;231
25042 Baronia de Rialb, La;Total;2017;235
25042 Baronia de Rialb, La;Total;2016;240
25042 Baronia de Rialb, La;Total;2015;245
25044 Bassella;Total;2022;223
25044 Bassella;Total;2021;224
25044 Bassella;Total;2020;217
25044 Bassella;Total;2019;224
25044 Bassella;Total;2018;231
25044 Bassella;Total;2017;229
25044 Bassella;Total;2016;235
25044 Bassella;Total;2015;234
25045 Bausen;Total;2022;66
25045 Bausen;Total;2021;66
25045 Bausen;Total;2020;60
25045 Bausen;Total;2019;58
25045 Bausen;Total;2018;64
25045 Bausen;Total;2017;67
25045 Bausen;Total;2016;64
25045 Bausen;Total;2015;58
25046 Belianes;Total;2022;508
25046 Belianes;Total;2021;521
25046 Belianes;Total;2020;520
25046 Belianes;Total;2019;525
25046 Belianes;Total;2018;525
25046 Belianes;Total;2017;519
25046 Belianes;Total;2016;539
25046 Belianes;Total;2015;555
25170 Bellaguarda;Total;2022;288
25170 Bellaguarda;Total;2021;292
25170 Bellaguarda;Total;2020;287
25170 Bellaguarda;Total;2019;287
25170 Bellaguarda;Total;2018;301
25170 Bellaguarda;Total;2017;305
25170 Bellaguarda;Total;2016;307
25170 Bellaguarda;Total;2015;308
25047 Bellcaire d'Urgell;Total;2022;1.229
25047 Bellcaire d'Urgell;Total;2021;1.225
25047 Bellcaire d'Urgell;Total;2020;1.199
25047 Bellcaire d'Urgell;Total;2019;1.230
25047 Bellcaire d'Urgell;Total;2018;1.252
25047 Bellcaire d'Urgell;Total;2017;1.237
25047 Bellcaire d'Urgell;Total;2016;1.263
25047 Bellcaire d'Urgell;Total;2015;1.296
25048 Bell-lloc d'Urgell;Total;2022;2.342
25048 Bell-lloc d'Urgell;Total;2021;2.329
25048 Bell-lloc d'Urgell;Total;2020;2.335
25048 Bell-lloc d'Urgell;Total;2019;2.315
25048 Bell-lloc d'Urgell;Total;2018;2.289
25048 Bell-lloc d'Urgell;Total;2017;2.321
25048 Bell-lloc d'Urgell;Total;2016;2.349
25048 Bell-lloc d'Urgell;Total;2015;2.329
25049 Bellmunt d'Urgell;Total;2022;178
25049 Bellmunt d'Urgell;Total;2021;182
25049 Bellmunt d'Urgell;Total;2020;185
25049 Bellmunt d'Urgell;Total;2019;185
25049 Bellmunt d'Urgell;Total;2018;193
25049 Bellmunt d'Urgell;Total;2017;188
25049 Bellmunt d'Urgell;Total;2016;188
25049 Bellmunt d'Urgell;Total;2015;188
25050 Bellpuig;Total;2022;5.168
25050 Bellpuig;Total;2021;5.151
25050 Bellpuig;Total;2020;5.218
25050 Bellpuig;Total;2019;5.133
25050 Bellpuig;Total;2018;5.060
25050 Bellpuig;Total;2017;4.985
25050 Bellpuig;Total;2016;5.005
25050 Bellpuig;Total;2015;4.989
25051 Bellver de Cerdanya;Total;2022;2.176
25051 Bellver de Cerdanya;Total;2021;2.135
25051 Bellver de Cerdanya;Total;2020;2.005
25051 Bellver de Cerdanya;Total;2019;1.937
25051 Bellver de Cerdanya;Total;2018;1.979
25051 Bellver de Cerdanya;Total;2017;1.973
25051 Bellver de Cerdanya;Total;2016;1.995
25051 Bellver de Cerdanya;Total;2015;2.028
25052 Bellvís;Total;2022;2.243
25052 Bellvís;Total;2021;2.258
25052 Bellvís;Total;2020;2.260
25052 Bellvís;Total;2019;2.255
25052 Bellvís;Total;2018;2.266
25052 Bellvís;Total;2017;2.276
25052 Bellvís;Total;2016;2.264
25052 Bellvís;Total;2015;2.270
25053 Benavent de Segrià;Total;2022;1.563
25053 Benavent de Segrià;Total;2021;1.533
25053 Benavent de Segrià;Total;2020;1.518
25053 Benavent de Segrià;Total;2019;1.499
25053 Benavent de Segrià;Total;2018;1.468
25053 Benavent de Segrià;Total;2017;1.442
25053 Benavent de Segrià;Total;2016;1.482
25053 Benavent de Segrià;Total;2015;1.506
25055 Biosca;Total;2022;182
25055 Biosca;Total;2021;178
25055 Biosca;Total;2020;177
25055 Biosca;Total;2019;176
25055 Biosca;Total;2018;181
25055 Biosca;Total;2017;186
25055 Biosca;Total;2016;187
25055 Biosca;Total;2015;199
25057 Bòrdes, Es;Total;2022;282
25057 Bòrdes, Es;Total;2021;285
25057 Bòrdes, Es;Total;2020;255
25057 Bòrdes, Es;Total;2019;259
25057 Bòrdes, Es;Total;2018;266
25057 Bòrdes, Es;Total;2017;252
25057 Bòrdes, Es;Total;2016;250
25057 Bòrdes, Es;Total;2015;237
25058 Borges Blanques, Les;Total;2022;6.248
25058 Borges Blanques, Les;Total;2021;6.195
25058 Borges Blanques, Les;Total;2020;6.173
25058 Borges Blanques, Les;Total;2019;6.087
25058 Borges Blanques, Les;Total;2018;6.002
25058 Borges Blanques, Les;Total;2017;6.005
25058 Borges Blanques, Les;Total;2016;6.000
25058 Borges Blanques, Les;Total;2015;6.019
25059 Bossòst;Total;2022;1.121
25059 Bossòst;Total;2021;1.120
25059 Bossòst;Total;2020;1.115
25059 Bossòst;Total;2019;1.109
25059 Bossòst;Total;2018;1.110
25059 Bossòst;Total;2017;1.120
25059 Bossòst;Total;2016;1.123
25059 Bossòst;Total;2015;1.137
25056 Bovera;Total;2022;263
25056 Bovera;Total;2021;261
25056 Bovera;Total;2020;248
25056 Bovera;Total;2019;247
25056 Bovera;Total;2018;257
25056 Bovera;Total;2017;266
25056 Bovera;Total;2016;267
25056 Bovera;Total;2015;275
25060 Cabanabona;Total;2022;62
25060 Cabanabona;Total;2021;60
25060 Cabanabona;Total;2020;71
25060 Cabanabona;Total;2019;75
25060 Cabanabona;Total;2018;76
25060 Cabanabona;Total;2017;81
25060 Cabanabona;Total;2016;77
25060 Cabanabona;Total;2015;82
25061 Cabó;Total;2022;98
25061 Cabó;Total;2021;94
25061 Cabó;Total;2020;93
25061 Cabó;Total;2019;92
25061 Cabó;Total;2018;97
25061 Cabó;Total;2017;93
25061 Cabó;Total;2016;92
25061 Cabó;Total;2015;94
25062 Camarasa;Total;2022;786
25062 Camarasa;Total;2021;807
25062 Camarasa;Total;2020;810
25062 Camarasa;Total;2019;817
25062 Camarasa;Total;2018;842
25062 Camarasa;Total;2017;863
25062 Camarasa;Total;2016;879
25062 Camarasa;Total;2015;903
25063 Canejan;Total;2022;92
25063 Canejan;Total;2021;89
25063 Canejan;Total;2020;89
25063 Canejan;Total;2019;107
25063 Canejan;Total;2018;84
25063 Canejan;Total;2017;88
25063 Canejan;Total;2016;97
25063 Canejan;Total;2015;100
25904 Castell de Mur;Total;2022;171
25904 Castell de Mur;Total;2021;169
25904 Castell de Mur;Total;2020;173
25904 Castell de Mur;Total;2019;183
25904 Castell de Mur;Total;2018;165
25904 Castell de Mur;Total;2017;168
25904 Castell de Mur;Total;2016;175
25904 Castell de Mur;Total;2015;188
25064 Castellar de la Ribera;Total;2022;135
25064 Castellar de la Ribera;Total;2021;136
25064 Castellar de la Ribera;Total;2020;131
25064 Castellar de la Ribera;Total;2019;134
25064 Castellar de la Ribera;Total;2018;137
25064 Castellar de la Ribera;Total;2017;140
25064 Castellar de la Ribera;Total;2016;142
25064 Castellar de la Ribera;Total;2015;150
25067 Castelldans;Total;2022;895
25067 Castelldans;Total;2021;900
25067 Castelldans;Total;2020;930
25067 Castelldans;Total;2019;960
25067 Castelldans;Total;2018;931
25067 Castelldans;Total;2017;943
25067 Castelldans;Total;2016;958
25067 Castelldans;Total;2015;981
25068 Castellnou de Seana;Total;2022;715
25068 Castellnou de Seana;Total;2021;692
25068 Castellnou de Seana;Total;2020;665
25068 Castellnou de Seana;Total;2019;683
25068 Castellnou de Seana;Total;2018;687
25068 Castellnou de Seana;Total;2017;686
25068 Castellnou de Seana;Total;2016;736
25068 Castellnou de Seana;Total;2015;736
25069 Castelló de Farfanya;Total;2022;508
25069 Castelló de Farfanya;Total;2021;529
25069 Castelló de Farfanya;Total;2020;539
25069 Castelló de Farfanya;Total;2019;536
25069 Castelló de Farfanya;Total;2018;538
25069 Castelló de Farfanya;Total;2017;542
25069 Castelló de Farfanya;Total;2016;556
25069 Castelló de Farfanya;Total;2015;547
25070 Castellserà;Total;2022;961
25070 Castellserà;Total;2021;976
25070 Castellserà;Total;2020;996
25070 Castellserà;Total;2019;1.003
25070 Castellserà;Total;2018;1.000
25070 Castellserà;Total;2017;1.008
25070 Castellserà;Total;2016;1.030
25070 Castellserà;Total;2015;1.044
25071 Cava;Total;2022;51
25071 Cava;Total;2021;46
25071 Cava;Total;2020;45
25071 Cava;Total;2019;47
25071 Cava;Total;2018;46
25071 Cava;Total;2017;52
25071 Cava;Total;2016;57
25071 Cava;Total;2015;60
25072 Cervera;Total;2022;9.393
25072 Cervera;Total;2021;9.328
25072 Cervera;Total;2020;9.350
25072 Cervera;Total;2019;9.180
25072 Cervera;Total;2018;9.066
25072 Cervera;Total;2017;9.037
25072 Cervera;Total;2016;9.013
25072 Cervera;Total;2015;8.956
25073 Cervià de les Garrigues;Total;2022;642
25073 Cervià de les Garrigues;Total;2021;665
25073 Cervià de les Garrigues;Total;2020;662
25073 Cervià de les Garrigues;Total;2019;640
25073 Cervià de les Garrigues;Total;2018;648
25073 Cervià de les Garrigues;Total;2017;660
25073 Cervià de les Garrigues;Total;2016;686
25073 Cervià de les Garrigues;Total;2015;695
25074 Ciutadilla;Total;2022;190
25074 Ciutadilla;Total;2021;202
25074 Ciutadilla;Total;2020;208
25074 Ciutadilla;Total;2019;208
25074 Ciutadilla;Total;2018;206
25074 Ciutadilla;Total;2017;202
25074 Ciutadilla;Total;2016;204
25074 Ciutadilla;Total;2015;217
25075 Clariana de Cardener;Total;2022;162
25075 Clariana de Cardener;Total;2021;158
25075 Clariana de Cardener;Total;2020;161
25075 Clariana de Cardener;Total;2019;157
25075 Clariana de Cardener;Total;2018;147
25075 Clariana de Cardener;Total;2017;145
25075 Clariana de Cardener;Total;2016;141
25075 Clariana de Cardener;Total;2015;140
25076 Cogul, El;Total;2022;151
25076 Cogul, El;Total;2021;143
25076 Cogul, El;Total;2020;151
25076 Cogul, El;Total;2019;158
25076 Cogul, El;Total;2018;161
25076 Cogul, El;Total;2017;162
25076 Cogul, El;Total;2016;174
25076 Cogul, El;Total;2015;181
25077 Coll de Nargó;Total;2022;548
25077 Coll de Nargó;Total;2021;548
25077 Coll de Nargó;Total;2020;540
25077 Coll de Nargó;Total;2019;550
25077 Coll de Nargó;Total;2018;549
25077 Coll de Nargó;Total;2017;558
25077 Coll de Nargó;Total;2016;574
25077 Coll de Nargó;Total;2015;575
25163 Coma i la Pedra, La;Total;2022;278
25163 Coma i la Pedra, La;Total;2021;277
25163 Coma i la Pedra, La;Total;2020;255
25163 Coma i la Pedra, La;Total;2019;265
25163 Coma i la Pedra, La;Total;2018;265
25163 Coma i la Pedra, La;Total;2017;259
25163 Coma i la Pedra, La;Total;2016;261
25163 Coma i la Pedra, La;Total;2015;270
25161 Conca de Dalt;Total;2022;427
25161 Conca de Dalt;Total;2021;421
25161 Conca de Dalt;Total;2020;410
25161 Conca de Dalt;Total;2019;418
25161 Conca de Dalt;Total;2018;428
25161 Conca de Dalt;Total;2017;445
25161 Conca de Dalt;Total;2016;439
25161 Conca de Dalt;Total;2015;446
25078 Corbins;Total;2022;1.462
25078 Corbins;Total;2021;1.499
25078 Corbins;Total;2020;1.462
25078 Corbins;Total;2019;1.444
25078 Corbins;Total;2018;1.431
25078 Corbins;Total;2017;1.411
25078 Corbins;Total;2016;1.401
25078 Corbins;Total;2015;1.394
25079 Cubells;Total;2022;356
25079 Cubells;Total;2021;357
25079 Cubells;Total;2020;338
25079 Cubells;Total;2019;343
25079 Cubells;Total;2018;358
25079 Cubells;Total;2017;373
25079 Cubells;Total;2016;373
25079 Cubells;Total;2015;378
25081 Espluga Calba, L';Total;2022;331
25081 Espluga Calba, L';Total;2021;328
25081 Espluga Calba, L';Total;2020;329
25081 Espluga Calba, L';Total;2019;341
25081 Espluga Calba, L';Total;2018;357
25081 Espluga Calba, L';Total;2017;363
25081 Espluga Calba, L';Total;2016;375
25081 Espluga Calba, L';Total;2015;387
25082 Espot;Total;2022;377
25082 Espot;Total;2021;366
25082 Espot;Total;2020;366
25082 Espot;Total;2019;364
25082 Espot;Total;2018;352
25082 Espot;Total;2017;365
25082 Espot;Total;2016;361
25082 Espot;Total;2015;362
25088 Estamariu;Total;2022;128
25088 Estamariu;Total;2021;129
25088 Estamariu;Total;2020;125
25088 Estamariu;Total;2019;118
25088 Estamariu;Total;2018;119
25088 Estamariu;Total;2017;124
25088 Estamariu;Total;2016;119
25088 Estamariu;Total;2015;124
25085 Estaràs;Total;2022;169
25085 Estaràs;Total;2021;172
25085 Estaràs;Total;2020;156
25085 Estaràs;Total;2019;162
25085 Estaràs;Total;2018;160
25085 Estaràs;Total;2017;158
25085 Estaràs;Total;2016;163
25085 Estaràs;Total;2015;176
25086 Esterri d'Àneu;Total;2022;841
25086 Esterri d'Àneu;Total;2021;832
25086 Esterri d'Àneu;Total;2020;804
25086 Esterri d'Àneu;Total;2019;772
25086 Esterri d'Àneu;Total;2018;756
25086 Esterri d'Àneu;Total;2017;769
25086 Esterri d'Àneu;Total;2016;789
25086 Esterri d'Àneu;Total;2015;804
25087 Esterri de Cardós;Total;2022;62
25087 Esterri de Cardós;Total;2021;64
25087 Esterri de Cardós;Total;2020;64
25087 Esterri de Cardós;Total;2019;70
25087 Esterri de Cardós;Total;2018;69
25087 Esterri de Cardós;Total;2017;67
25087 Esterri de Cardós;Total;2016;69
25087 Esterri de Cardós;Total;2015;73
25089 Farrera;Total;2022;121
25089 Farrera;Total;2021;116
25089 Farrera;Total;2020;108
25089 Farrera;Total;2019;116
25089 Farrera;Total;2018;122
25089 Farrera;Total;2017;121
25089 Farrera;Total;2016;126
25089 Farrera;Total;2015;118
25908 Fígols i Alinyà;Total;2022;266
25908 Fígols i Alinyà;Total;2021;260
25908 Fígols i Alinyà;Total;2020;244
25908 Fígols i Alinyà;Total;2019;252
25908 Fígols i Alinyà;Total;2018;253
25908 Fígols i Alinyà;Total;2017;245
25908 Fígols i Alinyà;Total;2016;254
25908 Fígols i Alinyà;Total;2015;261
25092 Floresta, La;Total;2022;154
25092 Floresta, La;Total;2021;145
25092 Floresta, La;Total;2020;140
25092 Floresta, La;Total;2019;147
25092 Floresta, La;Total;2018;154
25092 Floresta, La;Total;2017;155
25092 Floresta, La;Total;2016;155
25092 Floresta, La;Total;2015;160
25093 Fondarella;Total;2022;778
25093 Fondarella;Total;2021;781
25093 Fondarella;Total;2020;776
25093 Fondarella;Total;2019;784
25093 Fondarella;Total;2018;792
25093 Fondarella;Total;2017;796
25093 Fondarella;Total;2016;794
25093 Fondarella;Total;2015;831
25094 Foradada;Total;2022;191
25094 Foradada;Total;2021;195
25094 Foradada;Total;2020;203
25094 Foradada;Total;2019;186
25094 Foradada;Total;2018;173
25094 Foradada;Total;2017;170
25094 Foradada;Total;2016;172
25094 Foradada;Total;2015;174
25096 Fuliola, La;Total;2022;1.238
25096 Fuliola, La;Total;2021;1.247
25096 Fuliola, La;Total;2020;1.250
25096 Fuliola, La;Total;2019;1.248
25096 Fuliola, La;Total;2018;1.217
25096 Fuliola, La;Total;2017;1.237
25096 Fuliola, La;Total;2016;1.260
25096 Fuliola, La;Total;2015;1.291
25097 Fulleda;Total;2022;98
25097 Fulleda;Total;2021;101
25097 Fulleda;Total;2020;102
25097 Fulleda;Total;2019;85
25097 Fulleda;Total;2018;84
25097 Fulleda;Total;2017;86
25097 Fulleda;Total;2016;87
25097 Fulleda;Total;2015;94
25098 Gavet de la Conca;Total;2022;261
25098 Gavet de la Conca;Total;2021;262
25098 Gavet de la Conca;Total;2020;261
25098 Gavet de la Conca;Total;2019;261
25098 Gavet de la Conca;Total;2018;274
25098 Gavet de la Conca;Total;2017;280
25098 Gavet de la Conca;Total;2016;297
25098 Gavet de la Conca;Total;2015;287
25912 Gimenells i el Pla de la Font;Total;2022;1.109
25912 Gimenells i el Pla de la Font;Total;2021;1.118
25912 Gimenells i el Pla de la Font;Total;2020;1.120
25912 Gimenells i el Pla de la Font;Total;2019;1.111
25912 Gimenells i el Pla de la Font;Total;2018;1.108
25912 Gimenells i el Pla de la Font;Total;2017;1.107
25912 Gimenells i el Pla de la Font;Total;2016;1.111
25912 Gimenells i el Pla de la Font;Total;2015;1.151
25099 Golmés;Total;2022;1.893
25099 Golmés;Total;2021;1.855
25099 Golmés;Total;2020;1.855
25099 Golmés;Total;2019;1.840
25099 Golmés;Total;2018;1.864
25099 Golmés;Total;2017;1.852
25099 Golmés;Total;2016;1.835
25099 Golmés;Total;2015;1.770
25100 Gósol;Total;2022;233
25100 Gósol;Total;2021;232
25100 Gósol;Total;2020;206
25100 Gósol;Total;2019;206
25100 Gósol;Total;2018;209
25100 Gósol;Total;2017;222
25100 Gósol;Total;2016;228
25100 Gósol;Total;2015;226
25101 Granadella, La;Total;2022;724
25101 Granadella, La;Total;2021;705
25101 Granadella, La;Total;2020;716
25101 Granadella, La;Total;2019;712
25101 Granadella, La;Total;2018;728
25101 Granadella, La;Total;2017;737
25101 Granadella, La;Total;2016;723
25101 Granadella, La;Total;2015;712
25102 Granja d'Escarp, La;Total;2022;923
25102 Granja d'Escarp, La;Total;2021;931
25102 Granja d'Escarp, La;Total;2020;922
25102 Granja d'Escarp, La;Total;2019;936
25102 Granja d'Escarp, La;Total;2018;956
25102 Granja d'Escarp, La;Total;2017;971
25102 Granja d'Escarp, La;Total;2016;977
25102 Granja d'Escarp, La;Total;2015;1.001
25103 Granyanella;Total;2022;136
25103 Granyanella;Total;2021;145
25103 Granyanella;Total;2020;143
25103 Granyanella;Total;2019;148
25103 Granyanella;Total;2018;140
25103 Granyanella;Total;2017;147
25103 Granyanella;Total;2016;153
25103 Granyanella;Total;2015;146
25105 Granyena de les Garrigues;Total;2022;147
25105 Granyena de les Garrigues;Total;2021;154
25105 Granyena de les Garrigues;Total;2020;140
25105 Granyena de les Garrigues;Total;2019;132
25105 Granyena de les Garrigues;Total;2018;144
25105 Granyena de les Garrigues;Total;2017;158
25105 Granyena de les Garrigues;Total;2016;158
25105 Granyena de les Garrigues;Total;2015;161
25104 Granyena de Segarra;Total;2022;157
25104 Granyena de Segarra;Total;2021;159
25104 Granyena de Segarra;Total;2020;151
25104 Granyena de Segarra;Total;2019;142
25104 Granyena de Segarra;Total;2018;147
25104 Granyena de Segarra;Total;2017;143
25104 Granyena de Segarra;Total;2016;147
25104 Granyena de Segarra;Total;2015;139
25109 Guimerà;Total;2022;261
25109 Guimerà;Total;2021;263
25109 Guimerà;Total;2020;271
25109 Guimerà;Total;2019;265
25109 Guimerà;Total;2018;270
25109 Guimerà;Total;2017;273
25109 Guimerà;Total;2016;275
25109 Guimerà;Total;2015;277
25903 Guingueta d'Àneu, La;Total;2022;298
25903 Guingueta d'Àneu, La;Total;2021;300
25903 Guingueta d'Àneu, La;Total;2020;289
25903 Guingueta d'Àneu, La;Total;2019;297
25903 Guingueta d'Àneu, La;Total;2018;298
25903 Guingueta d'Àneu, La;Total;2017;311
25903 Guingueta d'Àneu, La;Total;2016;308
25903 Guingueta d'Àneu, La;Total;2015;315
25110 Guissona;Total;2022;7.390
25110 Guissona;Total;2021;7.291
25110 Guissona;Total;2020;7.248
25110 Guissona;Total;2019;7.136
25110 Guissona;Total;2018;7.034
25110 Guissona;Total;2017;7.014
25110 Guissona;Total;2016;6.892
25110 Guissona;Total;2015;6.862
25111 Guixers;Total;2022;132
25111 Guixers;Total;2021;126
25111 Guixers;Total;2020;132
25111 Guixers;Total;2019;134
25111 Guixers;Total;2018;138
25111 Guixers;Total;2017;140
25111 Guixers;Total;2016;146
25111 Guixers;Total;2015;142
25115 Isona i Conca Dellà;Total;2022;1.057
25115 Isona i Conca Dellà;Total;2021;1.060
25115 Isona i Conca Dellà;Total;2020;1.042
25115 Isona i Conca Dellà;Total;2019;1.019
25115 Isona i Conca Dellà;Total;2018;1.028
25115 Isona i Conca Dellà;Total;2017;1.027
25115 Isona i Conca Dellà;Total;2016;1.046
25115 Isona i Conca Dellà;Total;2015;1.064
25112 Ivars de Noguera;Total;2022;327
25112 Ivars de Noguera;Total;2021;335
25112 Ivars de Noguera;Total;2020;332
25112 Ivars de Noguera;Total;2019;334
25112 Ivars de Noguera;Total;2018;337
25112 Ivars de Noguera;Total;2017;332
25112 Ivars de Noguera;Total;2016;351
25112 Ivars de Noguera;Total;2015;346
25113 Ivars d'Urgell;Total;2022;1.560
25113 Ivars d'Urgell;Total;2021;1.553
25113 Ivars d'Urgell;Total;2020;1.537
25113 Ivars d'Urgell;Total;2019;1.531
25113 Ivars d'Urgell;Total;2018;1.557
25113 Ivars d'Urgell;Total;2017;1.568
25113 Ivars d'Urgell;Total;2016;1.578
25113 Ivars d'Urgell;Total;2015;1.591
25114 Ivorra;Total;2022;100
25114 Ivorra;Total;2021;110
25114 Ivorra;Total;2020;108
25114 Ivorra;Total;2019;104
25114 Ivorra;Total;2018;104
25114 Ivorra;Total;2017;107
25114 Ivorra;Total;2016;114
25114 Ivorra;Total;2015;106
25910 Josa i Tuixén;Total;2022;105
25910 Josa i Tuixén;Total;2021;100
25910 Josa i Tuixén;Total;2020;103
25910 Josa i Tuixén;Total;2019;106
25910 Josa i Tuixén;Total;2018;118
25910 Josa i Tuixén;Total;2017;115
25910 Josa i Tuixén;Total;2016;122
25910 Josa i Tuixén;Total;2015;129
25118 Juncosa;Total;2022;401
25118 Juncosa;Total;2021;397
25118 Juncosa;Total;2020;395
25118 Juncosa;Total;2019;386
25118 Juncosa;Total;2018;393
25118 Juncosa;Total;2017;408
25118 Juncosa;Total;2016;418
25118 Juncosa;Total;2015;421
25119 Juneda;Total;2022;3.558
25119 Juneda;Total;2021;3.569
25119 Juneda;Total;2020;3.501
25119 Juneda;Total;2019;3.475
25119 Juneda;Total;2018;3.409
25119 Juneda;Total;2017;3.383
25119 Juneda;Total;2016;3.343
25119 Juneda;Total;2015;3.384
25121 Les;Total;2022;970
25121 Les;Total;2021;966
25121 Les;Total;2020;971
25121 Les;Total;2019;946
25121 Les;Total;2018;954
25121 Les;Total;2017;955
25121 Les;Total;2016;958
25121 Les;Total;2015;953
25122 Linyola;Total;2022;2.723
25122 Linyola;Total;2021;2.724
25122 Linyola;Total;2020;2.717
25122 Linyola;Total;2019;2.700
25122 Linyola;Total;2018;2.660
25122 Linyola;Total;2017;2.626
25122 Linyola;Total;2016;2.650
25122 Linyola;Total;2015;2.652
25123 Lladorre;Total;2022;254
25123 Lladorre;Total;2021;244
25123 Lladorre;Total;2020;237
25123 Lladorre;Total;2019;230
25123 Lladorre;Total;2018;227
25123 Lladorre;Total;2017;225
25123 Lladorre;Total;2016;226
25123 Lladorre;Total;2015;229
25124 Lladurs;Total;2022;190
25124 Lladurs;Total;2021;187
25124 Lladurs;Total;2020;180
25124 Lladurs;Total;2019;176
25124 Lladurs;Total;2018;179
25124 Lladurs;Total;2017;183
25124 Lladurs;Total;2016;187
25124 Lladurs;Total;2015;193
25125 Llardecans;Total;2022;421
25125 Llardecans;Total;2021;429
25125 Llardecans;Total;2020;444
25125 Llardecans;Total;2019;451
25125 Llardecans;Total;2018;460
25125 Llardecans;Total;2017;470
25125 Llardecans;Total;2016;476
25125 Llardecans;Total;2015;491
25126 Llavorsí;Total;2022;343
25126 Llavorsí;Total;2021;345
25126 Llavorsí;Total;2020;346
25126 Llavorsí;Total;2019;352
25126 Llavorsí;Total;2018;352
25126 Llavorsí;Total;2017;359
25126 Llavorsí;Total;2016;355
25126 Llavorsí;Total;2015;354
25120 Lleida;Total;2022;140.797
25120 Lleida;Total;2021;140.080
25120 Lleida;Total;2020;140.403
25120 Lleida;Total;2019;138.956
25120 Lleida;Total;2018;137.856
25120 Lleida;Total;2017;137.327
25120 Lleida;Total;2016;138.144
25120 Lleida;Total;2015;138.542
25127 Lles de Cerdanya;Total;2022;286
25127 Lles de Cerdanya;Total;2021;288
25127 Lles de Cerdanya;Total;2020;270
25127 Lles de Cerdanya;Total;2019;253
25127 Lles de Cerdanya;Total;2018;255
25127 Lles de Cerdanya;Total;2017;253
25127 Lles de Cerdanya;Total;2016;247
25127 Lles de Cerdanya;Total;2015;257
25128 Llimiana;Total;2022;146
25128 Llimiana;Total;2021;155
25128 Llimiana;Total;2020;146
25128 Llimiana;Total;2019;145
25128 Llimiana;Total;2018;142
25128 Llimiana;Total;2017;142
25128 Llimiana;Total;2016;150
25128 Llimiana;Total;2015;158
25129 Llobera;Total;2022;202
25129 Llobera;Total;2021;187
25129 Llobera;Total;2020;188
25129 Llobera;Total;2019;188
25129 Llobera;Total;2018;195
25129 Llobera;Total;2017;201
25129 Llobera;Total;2016;203
25129 Llobera;Total;2015;202
25133 Maials;Total;2022;911
25133 Maials;Total;2021;926
25133 Maials;Total;2020;909
25133 Maials;Total;2019;920
25133 Maials;Total;2018;931
25133 Maials;Total;2017;945
25133 Maials;Total;2016;950
25133 Maials;Total;2015;941
25130 Maldà;Total;2022;234
25130 Maldà;Total;2021;237
25130 Maldà;Total;2020;227
25130 Maldà;Total;2019;220
25130 Maldà;Total;2018;225
25130 Maldà;Total;2017;227
25130 Maldà;Total;2016;230
25130 Maldà;Total;2015;228
25131 Massalcoreig;Total;2022;589
25131 Massalcoreig;Total;2021;599
25131 Massalcoreig;Total;2020;610
25131 Massalcoreig;Total;2019;598
25131 Massalcoreig;Total;2018;585
25131 Massalcoreig;Total;2017;588
25131 Massalcoreig;Total;2016;571
25131 Massalcoreig;Total;2015;564
25132 Massoteres;Total;2022;220
25132 Massoteres;Total;2021;223
25132 Massoteres;Total;2020;212
25132 Massoteres;Total;2019;218
25132 Massoteres;Total;2018;232
25132 Massoteres;Total;2017;214
25132 Massoteres;Total;2016;203
25132 Massoteres;Total;2015;189
25134 Menàrguens;Total;2022;774
25134 Menàrguens;Total;2021;789
25134 Menàrguens;Total;2020;813
25134 Menàrguens;Total;2019;806
25134 Menàrguens;Total;2018;801
25134 Menàrguens;Total;2017;819
25134 Menàrguens;Total;2016;847
25134 Menàrguens;Total;2015;849
25135 Miralcamp;Total;2022;1.364
25135 Miralcamp;Total;2021;1.366
25135 Miralcamp;Total;2020;1.385
25135 Miralcamp;Total;2019;1.351
25135 Miralcamp;Total;2018;1.347
25135 Miralcamp;Total;2017;1.358
25135 Miralcamp;Total;2016;1.369
25135 Miralcamp;Total;2015;1.390
25137 Mollerussa;Total;2022;14.730
25137 Mollerussa;Total;2021;14.545
25137 Mollerussa;Total;2020;14.649
25137 Mollerussa;Total;2019;14.683
25137 Mollerussa;Total;2018;14.740
25137 Mollerussa;Total;2017;14.574
25137 Mollerussa;Total;2016;14.585
25137 Mollerussa;Total;2015;14.900
25136 Molsosa, La;Total;2022;99
25136 Molsosa, La;Total;2021;102
25136 Molsosa, La;Total;2020;104
25136 Molsosa, La;Total;2019;107
25136 Molsosa, La;Total;2018;109
25136 Molsosa, La;Total;2017;109
25136 Molsosa, La;Total;2016;111
25136 Molsosa, La;Total;2015;113
25139 Montellà i Martinet;Total;2022;615
25139 Montellà i Martinet;Total;2021;596
25139 Montellà i Martinet;Total;2020;578
25139 Montellà i Martinet;Total;2019;579
25139 Montellà i Martinet;Total;2018;554
25139 Montellà i Martinet;Total;2017;554
25139 Montellà i Martinet;Total;2016;547
25139 Montellà i Martinet;Total;2015;586
25140 Montferrer i Castellbò;Total;2022;1.083
25140 Montferrer i Castellbò;Total;2021;1.081
25140 Montferrer i Castellbò;Total;2020;1.034
25140 Montferrer i Castellbò;Total;2019;1.041
25140 Montferrer i Castellbò;Total;2018;1.074
25140 Montferrer i Castellbò;Total;2017;1.092
25140 Montferrer i Castellbò;Total;2016;1.050
25140 Montferrer i Castellbò;Total;2015;1.010
25138 Montgai;Total;2022;647
25138 Montgai;Total;2021;655
25138 Montgai;Total;2020;643
25138 Montgai;Total;2019;625
25138 Montgai;Total;2018;635
25138 Montgai;Total;2017;636
25138 Montgai;Total;2016;651
25138 Montgai;Total;2015;663
25142 Montoliu de Lleida;Total;2022;494
25142 Montoliu de Lleida;Total;2021;493
25142 Montoliu de Lleida;Total;2020;483
25142 Montoliu de Lleida;Total;2019;489
25142 Montoliu de Lleida;Total;2018;469
25142 Montoliu de Lleida;Total;2017;469
25142 Montoliu de Lleida;Total;2016;495
25142 Montoliu de Lleida;Total;2015;514
25141 Montoliu de Segarra;Total;2022;180
25141 Montoliu de Segarra;Total;2021;191
25141 Montoliu de Segarra;Total;2020;187
25141 Montoliu de Segarra;Total;2019;179
25141 Montoliu de Segarra;Total;2018;190
25141 Montoliu de Segarra;Total;2017;178
25141 Montoliu de Segarra;Total;2016;188
25141 Montoliu de Segarra;Total;2015;194
25143 Montornès de Segarra;Total;2022;92
25143 Montornès de Segarra;Total;2021;91
25143 Montornès de Segarra;Total;2020;96
25143 Montornès de Segarra;Total;2019;100
25143 Montornès de Segarra;Total;2018;98
25143 Montornès de Segarra;Total;2017;97
25143 Montornès de Segarra;Total;2016;100
25143 Montornès de Segarra;Total;2015;101
25145 Nalec;Total;2022;95
25145 Nalec;Total;2021;88
25145 Nalec;Total;2020;90
25145 Nalec;Total;2019;87
25145 Nalec;Total;2018;93
25145 Nalec;Total;2017;101
25145 Nalec;Total;2016;100
25145 Nalec;Total;2015;95
25025 Naut Aran;Total;2022;1.923
25025 Naut Aran;Total;2021;1.941
25025 Naut Aran;Total;2020;1.836
25025 Naut Aran;Total;2019;1.803
25025 Naut Aran;Total;2018;1.790
25025 Naut Aran;Total;2017;1.781
25025 Naut Aran;Total;2016;1.764
25025 Naut Aran;Total;2015;1.760
25146 Navès;Total;2022;305
25146 Navès;Total;2021;293
25146 Navès;Total;2020;284
25146 Navès;Total;2019;280
25146 Navès;Total;2018;291
25146 Navès;Total;2017;288
25146 Navès;Total;2016;283
25146 Navès;Total;2015;281
25148 Odèn;Total;2022;252
25148 Odèn;Total;2021;253
25148 Odèn;Total;2020;258
25148 Odèn;Total;2019;249
25148 Odèn;Total;2018;260
25148 Odèn;Total;2017;256
25148 Odèn;Total;2016;259
25148 Odèn;Total;2015;253
25149 Oliana;Total;2022;1.849
25149 Oliana;Total;2021;1.857
25149 Oliana;Total;2020;1.843
25149 Oliana;Total;2019;1.810
25149 Oliana;Total;2018;1.787
25149 Oliana;Total;2017;1.826
25149 Oliana;Total;2016;1.844
25149 Oliana;Total;2015;1.842
25150 Oliola;Total;2022;196
25150 Oliola;Total;2021;201
25150 Oliola;Total;2020;203
25150 Oliola;Total;2019;197
25150 Oliola;Total;2018;202
25150 Oliola;Total;2017;211
25150 Oliola;Total;2016;220
25150 Oliola;Total;2015;233
25151 Olius;Total;2022;985
25151 Olius;Total;2021;962
25151 Olius;Total;2020;981
25151 Olius;Total;2019;986
25151 Olius;Total;2018;961
25151 Olius;Total;2017;931
25151 Olius;Total;2016;929
25151 Olius;Total;2015;910
25152 Oluges, Les;Total;2022;166
25152 Oluges, Les;Total;2021;169
25152 Oluges, Les;Total;2020;171
25152 Oluges, Les;Total;2019;167
25152 Oluges, Les;Total;2018;172
25152 Oluges, Les;Total;2017;155
25152 Oluges, Les;Total;2016;152
25152 Oluges, Les;Total;2015;161
25153 Omellons, Els;Total;2022;198
25153 Omellons, Els;Total;2021;202
25153 Omellons, Els;Total;2020;206
25153 Omellons, Els;Total;2019;211
25153 Omellons, Els;Total;2018;212
25153 Omellons, Els;Total;2017;210
25153 Omellons, Els;Total;2016;217
25153 Omellons, Els;Total;2015;226
25154 Omells de na Gaia, Els;Total;2022;127
25154 Omells de na Gaia, Els;Total;2021;127
25154 Omells de na Gaia, Els;Total;2020;130
25154 Omells de na Gaia, Els;Total;2019;131
25154 Omells de na Gaia, Els;Total;2018;134
25154 Omells de na Gaia, Els;Total;2017;135
25154 Omells de na Gaia, Els;Total;2016;137
25154 Omells de na Gaia, Els;Total;2015;136
25155 Organyà;Total;2022;796
25155 Organyà;Total;2021;766
25155 Organyà;Total;2020;771
25155 Organyà;Total;2019;784
25155 Organyà;Total;2018;792
25155 Organyà;Total;2017;801
25155 Organyà;Total;2016;804
25155 Organyà;Total;2015;845
25156 Os de Balaguer;Total;2022;1.046
25156 Os de Balaguer;Total;2021;1.000
25156 Os de Balaguer;Total;2020;980
25156 Os de Balaguer;Total;2019;994
25156 Os de Balaguer;Total;2018;1.009
25156 Os de Balaguer;Total;2017;1.013
25156 Os de Balaguer;Total;2016;1.022
25156 Os de Balaguer;Total;2015;995
25157 Ossó de Sió;Total;2022;193
25157 Ossó de Sió;Total;2021;196
25157 Ossó de Sió;Total;2020;203
25157 Ossó de Sió;Total;2019;204
25157 Ossó de Sió;Total;2018;205
25157 Ossó de Sió;Total;2017;213
25157 Ossó de Sió;Total;2016;214
25157 Ossó de Sió;Total;2015;213
25158 Palau d'Anglesola, El;Total;2022;2.191
25158 Palau d'Anglesola, El;Total;2021;2.205
25158 Palau d'Anglesola, El;Total;2020;2.166
25158 Palau d'Anglesola, El;Total;2019;2.166
25158 Palau d'Anglesola, El;Total;2018;2.163
25158 Palau d'Anglesola, El;Total;2017;2.183
25158 Palau d'Anglesola, El;Total;2016;2.153
25158 Palau d'Anglesola, El;Total;2015;2.136
25164 Penelles;Total;2022;430
25164 Penelles;Total;2021;443
25164 Penelles;Total;2020;436
25164 Penelles;Total;2019;452
25164 Penelles;Total;2018;462
25164 Penelles;Total;2017;463
25164 Penelles;Total;2016;474
25164 Penelles;Total;2015;482
25165 Peramola;Total;2022;348
25165 Peramola;Total;2021;348
25165 Peramola;Total;2020;347
25165 Peramola;Total;2019;347
25165 Peramola;Total;2018;353
25165 Peramola;Total;2017;341
25165 Peramola;Total;2016;344
25165 Peramola;Total;2015;343
25166 Pinell de Solsonès;Total;2022;190
25166 Pinell de Solsonès;Total;2021;188
25166 Pinell de Solsonès;Total;2020;193
25166 Pinell de Solsonès;Total;2019;200
25166 Pinell de Solsonès;Total;2018;203
25166 Pinell de Solsonès;Total;2017;211
25166 Pinell de Solsonès;Total;2016;213
25166 Pinell de Solsonès;Total;2015;207
25167 Pinós;Total;2022;291
25167 Pinós;Total;2021;290
25167 Pinós;Total;2020;286
25167 Pinós;Total;2019;287
25167 Pinós;Total;2018;298
25167 Pinós;Total;2017;312
25167 Pinós;Total;2016;297
25167 Pinós;Total;2015;305
25911 Plans de Sió, Els;Total;2022;490
25911 Plans de Sió, Els;Total;2021;503
25911 Plans de Sió, Els;Total;2020;491
25911 Plans de Sió, Els;Total;2019;506
25911 Plans de Sió, Els;Total;2018;507
25911 Plans de Sió, Els;Total;2017;509
25911 Plans de Sió, Els;Total;2016;523
25911 Plans de Sió, Els;Total;2015;528
25168 Poal, El;Total;2022;667
25168 Poal, El;Total;2021;667
25168 Poal, El;Total;2020;670
25168 Poal, El;Total;2019;648
25168 Poal, El;Total;2018;626
25168 Poal, El;Total;2017;637
25168 Poal, El;Total;2016;655
25168 Poal, El;Total;2015;668
25169 Pobla de Cérvoles, La;Total;2022;209
25169 Pobla de Cérvoles, La;Total;2021;198
25169 Pobla de Cérvoles, La;Total;2020;189
25169 Pobla de Cérvoles, La;Total;2019;191
25169 Pobla de Cérvoles, La;Total;2018;191
25169 Pobla de Cérvoles, La;Total;2017;194
25169 Pobla de Cérvoles, La;Total;2016;206
25169 Pobla de Cérvoles, La;Total;2015;222
25171 Pobla de Segur, La;Total;2022;3.055
25171 Pobla de Segur, La;Total;2021;3.050
25171 Pobla de Segur, La;Total;2020;3.043
25171 Pobla de Segur, La;Total;2019;2.984
25171 Pobla de Segur, La;Total;2018;2.939
25171 Pobla de Segur, La;Total;2017;2.949
25171 Pobla de Segur, La;Total;2016;2.973
25171 Pobla de Segur, La;Total;2015;3.016
25030 Pont de Bar, El;Total;2022;163
25030 Pont de Bar, El;Total;2021;174
25030 Pont de Bar, El;Total;2020;152
25030 Pont de Bar, El;Total;2019;157
25030 Pont de Bar, El;Total;2018;171
25030 Pont de Bar, El;Total;2017;171
25030 Pont de Bar, El;Total;2016;165
25030 Pont de Bar, El;Total;2015;159
25173 Pont de Suert, El;Total;2022;2.336
25173 Pont de Suert, El;Total;2021;2.331
25173 Pont de Suert, El;Total;2020;2.257
25173 Pont de Suert, El;Total;2019;2.220
25173 Pont de Suert, El;Total;2018;2.216
25173 Pont de Suert, El;Total;2017;2.265
25173 Pont de Suert, El;Total;2016;2.293
25173 Pont de Suert, El;Total;2015;2.314
25172 Ponts;Total;2022;2.661
25172 Ponts;Total;2021;2.629
25172 Ponts;Total;2020;2.644
25172 Ponts;Total;2019;2.601
25172 Ponts;Total;2018;2.604
25172 Ponts;Total;2017;2.622
25172 Ponts;Total;2016;2.638
25172 Ponts;Total;2015;2.632
25174 Portella, La;Total;2022;718
25174 Portella, La;Total;2021;727
25174 Portella, La;Total;2020;743
25174 Portella, La;Total;2019;728
25174 Portella, La;Total;2018;703
25174 Portella, La;Total;2017;708
25174 Portella, La;Total;2016;741
25174 Portella, La;Total;2015;731
25175 Prats i Sansor;Total;2022;260
25175 Prats i Sansor;Total;2021;251
25175 Prats i Sansor;Total;2020;222
25175 Prats i Sansor;Total;2019;219
25175 Prats i Sansor;Total;2018;231
25175 Prats i Sansor;Total;2017;232
25175 Prats i Sansor;Total;2016;238
25175 Prats i Sansor;Total;2015;251
25176 Preixana;Total;2022;404
25176 Preixana;Total;2021;391
25176 Preixana;Total;2020;387
25176 Preixana;Total;2019;385
25176 Preixana;Total;2018;385
25176 Preixana;Total;2017;381
25176 Preixana;Total;2016;382
25176 Preixana;Total;2015;407
25177 Preixens;Total;2022;422
25177 Preixens;Total;2021;421
25177 Preixens;Total;2020;418
25177 Preixens;Total;2019;432
25177 Preixens;Total;2018;428
25177 Preixens;Total;2017;443
25177 Preixens;Total;2016;448
25177 Preixens;Total;2015;458
25179 Prullans;Total;2022;264
25179 Prullans;Total;2021;246
25179 Prullans;Total;2020;226
25179 Prullans;Total;2019;231
25179 Prullans;Total;2018;224
25179 Prullans;Total;2017;224
25179 Prullans;Total;2016;208
25179 Prullans;Total;2015;206
25180 Puiggròs;Total;2022;257
25180 Puiggròs;Total;2021;265
25180 Puiggròs;Total;2020;278
25180 Puiggròs;Total;2019;276
25180 Puiggròs;Total;2018;272
25180 Puiggròs;Total;2017;280
25180 Puiggròs;Total;2016;287
25180 Puiggròs;Total;2015;295
25181 Puigverd d'Agramunt;Total;2022;253
25181 Puigverd d'Agramunt;Total;2021;230
25181 Puigverd d'Agramunt;Total;2020;229
25181 Puigverd d'Agramunt;Total;2019;255
25181 Puigverd d'Agramunt;Total;2018;231
25181 Puigverd d'Agramunt;Total;2017;228
25181 Puigverd d'Agramunt;Total;2016;237
25181 Puigverd d'Agramunt;Total;2015;244
25182 Puigverd de Lleida;Total;2022;1.398
25182 Puigverd de Lleida;Total;2021;1.384
25182 Puigverd de Lleida;Total;2020;1.349
25182 Puigverd de Lleida;Total;2019;1.355
25182 Puigverd de Lleida;Total;2018;1.363
25182 Puigverd de Lleida;Total;2017;1.350
25182 Puigverd de Lleida;Total;2016;1.373
25182 Puigverd de Lleida;Total;2015;1.405
25183 Rialp;Total;2022;675
25183 Rialp;Total;2021;658
25183 Rialp;Total;2020;641
25183 Rialp;Total;2019;661
25183 Rialp;Total;2018;663
25183 Rialp;Total;2017;666
25183 Rialp;Total;2016;669
25183 Rialp;Total;2015;655
25905 Ribera d'Ondara;Total;2022;441
25905 Ribera d'Ondara;Total;2021;431
25905 Ribera d'Ondara;Total;2020;433
25905 Ribera d'Ondara;Total;2019;426
25905 Ribera d'Ondara;Total;2018;422
25905 Ribera d'Ondara;Total;2017;433
25905 Ribera d'Ondara;Total;2016;446
25905 Ribera d'Ondara;Total;2015;429
25185 Ribera d'Urgellet;Total;2022;920
25185 Ribera d'Urgellet;Total;2021;947
25185 Ribera d'Urgellet;Total;2020;932
25185 Ribera d'Urgellet;Total;2019;935
25185 Ribera d'Urgellet;Total;2018;923
25185 Ribera d'Urgellet;Total;2017;936
25185 Ribera d'Urgellet;Total;2016;962
25185 Ribera d'Urgellet;Total;2015;978
25186 Riner;Total;2022;280
25186 Riner;Total;2021;281
25186 Riner;Total;2020;263
25186 Riner;Total;2019;263
25186 Riner;Total;2018;261
25186 Riner;Total;2017;262
25186 Riner;Total;2016;261
25186 Riner;Total;2015;267
25913 Riu de Cerdanya;Total;2022;100
25913 Riu de Cerdanya;Total;2021;93
25913 Riu de Cerdanya;Total;2020;93
25913 Riu de Cerdanya;Total;2019;93
25913 Riu de Cerdanya;Total;2018;94
25913 Riu de Cerdanya;Total;2017;93
25913 Riu de Cerdanya;Total;2016;97
25913 Riu de Cerdanya;Total;2015;104
25189 Rosselló;Total;2022;3.278
25189 Rosselló;Total;2021;3.186
25189 Rosselló;Total;2020;3.237
25189 Rosselló;Total;2019;3.145
25189 Rosselló;Total;2018;3.130
25189 Rosselló;Total;2017;3.083
25189 Rosselló;Total;2016;3.029
25189 Rosselló;Total;2015;3.043
25190 Salàs de Pallars;Total;2022;345
25190 Salàs de Pallars;Total;2021;343
25190 Salàs de Pallars;Total;2020;327
25190 Salàs de Pallars;Total;2019;320
25190 Salàs de Pallars;Total;2018;324
25190 Salàs de Pallars;Total;2017;337
25190 Salàs de Pallars;Total;2016;340
25190 Salàs de Pallars;Total;2015;359
25191 Sanaüja;Total;2022;392
25191 Sanaüja;Total;2021;396
25191 Sanaüja;Total;2020;379
25191 Sanaüja;Total;2019;380
25191 Sanaüja;Total;2018;393
25191 Sanaüja;Total;2017;401
25191 Sanaüja;Total;2016;425
25191 Sanaüja;Total;2015;427
25196 Sant Esteve de la Sarga;Total;2022;123
25196 Sant Esteve de la Sarga;Total;2021;122
25196 Sant Esteve de la Sarga;Total;2020;122
25196 Sant Esteve de la Sarga;Total;2019;124
25196 Sant Esteve de la Sarga;Total;2018;129
25196 Sant Esteve de la Sarga;Total;2017;130
25196 Sant Esteve de la Sarga;Total;2016;139
25196 Sant Esteve de la Sarga;Total;2015;144
25192 Sant Guim de Freixenet;Total;2022;1.120
25192 Sant Guim de Freixenet;Total;2021;1.059
25192 Sant Guim de Freixenet;Total;2020;1.037
25192 Sant Guim de Freixenet;Total;2019;1.025
25192 Sant Guim de Freixenet;Total;2018;1.040
25192 Sant Guim de Freixenet;Total;2017;1.028
25192 Sant Guim de Freixenet;Total;2016;1.059
25192 Sant Guim de Freixenet;Total;2015;1.078
25197 Sant Guim de la Plana;Total;2022;182
25197 Sant Guim de la Plana;Total;2021;184
25197 Sant Guim de la Plana;Total;2020;181
25197 Sant Guim de la Plana;Total;2019;185
25197 Sant Guim de la Plana;Total;2018;177
25197 Sant Guim de la Plana;Total;2017;177
25197 Sant Guim de la Plana;Total;2016;170
25197 Sant Guim de la Plana;Total;2015;174
25193 Sant Llorenç de Morunys;Total;2022;1.000
25193 Sant Llorenç de Morunys;Total;2021;985
25193 Sant Llorenç de Morunys;Total;2020;960
25193 Sant Llorenç de Morunys;Total;2019;949
25193 Sant Llorenç de Morunys;Total;2018;934
25193 Sant Llorenç de Morunys;Total;2017;949
25193 Sant Llorenç de Morunys;Total;2016;966
25193 Sant Llorenç de Morunys;Total;2015;977
25902 Sant Martí de Riucorb;Total;2022;646
25902 Sant Martí de Riucorb;Total;2021;649
25902 Sant Martí de Riucorb;Total;2020;639
25902 Sant Martí de Riucorb;Total;2019;646
25902 Sant Martí de Riucorb;Total;2018;648
25902 Sant Martí de Riucorb;Total;2017;661
25902 Sant Martí de Riucorb;Total;2016;674
25902 Sant Martí de Riucorb;Total;2015;689
25194 Sant Ramon;Total;2022;480
25194 Sant Ramon;Total;2021;497
25194 Sant Ramon;Total;2020;487
25194 Sant Ramon;Total;2019;491
25194 Sant Ramon;Total;2018;495
25194 Sant Ramon;Total;2017;507
25194 Sant Ramon;Total;2016;509
25194 Sant Ramon;Total;2015;506
25201 Sarroca de Bellera;Total;2022;113
25201 Sarroca de Bellera;Total;2021;120
25201 Sarroca de Bellera;Total;2020;116
25201 Sarroca de Bellera;Total;2019;121
25201 Sarroca de Bellera;Total;2018;120
25201 Sarroca de Bellera;Total;2017;120
25201 Sarroca de Bellera;Total;2016;117
25201 Sarroca de Bellera;Total;2015;125
25200 Sarroca de Lleida;Total;2022;365
25200 Sarroca de Lleida;Total;2021;357
25200 Sarroca de Lleida;Total;2020;358
25200 Sarroca de Lleida;Total;2019;363
25200 Sarroca de Lleida;Total;2018;361
25200 Sarroca de Lleida;Total;2017;370
25200 Sarroca de Lleida;Total;2016;374
25200 Sarroca de Lleida;Total;2015;387
25202 Senterada;Total;2022;161
25202 Senterada;Total;2021;150
25202 Senterada;Total;2020;139
25202 Senterada;Total;2019;137
25202 Senterada;Total;2018;139
25202 Senterada;Total;2017;136
25202 Senterada;Total;2016;133
25202 Senterada;Total;2015;133
25035 Sentiu de Sió, La;Total;2022;417
25035 Sentiu de Sió, La;Total;2021;426
25035 Sentiu de Sió, La;Total;2020;414
25035 Sentiu de Sió, La;Total;2019;406
25035 Sentiu de Sió, La;Total;2018;427
25035 Sentiu de Sió, La;Total;2017;445
25035 Sentiu de Sió, La;Total;2016;462
25035 Sentiu de Sió, La;Total;2015;459
25204 Seròs;Total;2022;1.890
25204 Seròs;Total;2021;1.923
25204 Seròs;Total;2020;1.946
25204 Seròs;Total;2019;1.922
25204 Seròs;Total;2018;1.889
25204 Seròs;Total;2017;1.895
25204 Seròs;Total;2016;1.912
25204 Seròs;Total;2015;1.886
25203 Seu d'Urgell, La;Total;2022;12.261
25203 Seu d'Urgell, La;Total;2021;12.252
25203 Seu d'Urgell, La;Total;2020;12.206
25203 Seu d'Urgell, La;Total;2019;12.089
25203 Seu d'Urgell, La;Total;2018;12.041
25203 Seu d'Urgell, La;Total;2017;12.015
25203 Seu d'Urgell, La;Total;2016;12.185
25203 Seu d'Urgell, La;Total;2015;12.249
25205 Sidamon;Total;2022;759
25205 Sidamon;Total;2021;755
25205 Sidamon;Total;2020;748
25205 Sidamon;Total;2019;734
25205 Sidamon;Total;2018;733
25205 Sidamon;Total;2017;732
25205 Sidamon;Total;2016;734
25205 Sidamon;Total;2015;732
25206 Soleràs, El;Total;2022;330
25206 Soleràs, El;Total;2021;337
25206 Soleràs, El;Total;2020;332
25206 Soleràs, El;Total;2019;332
25206 Soleràs, El;Total;2018;328
25206 Soleràs, El;Total;2017;346
25206 Soleràs, El;Total;2016;350
25206 Soleràs, El;Total;2015;342
25207 Solsona;Total;2022;9.131
25207 Solsona;Total;2021;9.175
25207 Solsona;Total;2020;9.137
25207 Solsona;Total;2019;9.094
25207 Solsona;Total;2018;9.014
25207 Solsona;Total;2017;8.974
25207 Solsona;Total;2016;8.914
25207 Solsona;Total;2015;9.004
25208 Soriguera;Total;2022;429
25208 Soriguera;Total;2021;431
25208 Soriguera;Total;2020;420
25208 Soriguera;Total;2019;410
25208 Soriguera;Total;2018;399
25208 Soriguera;Total;2017;403
25208 Soriguera;Total;2016;408
25208 Soriguera;Total;2015;385
25209 Sort;Total;2022;2.192
25209 Sort;Total;2021;2.181
25209 Sort;Total;2020;2.154
25209 Sort;Total;2019;2.149
25209 Sort;Total;2018;2.164
25209 Sort;Total;2017;2.128
25209 Sort;Total;2016;2.145
25209 Sort;Total;2015;2.199
25210 Soses;Total;2022;1.784
25210 Soses;Total;2021;1.781
25210 Soses;Total;2020;1.761
25210 Soses;Total;2019;1.763
25210 Soses;Total;2018;1.764
25210 Soses;Total;2017;1.719
25210 Soses;Total;2016;1.698
25210 Soses;Total;2015;1.728
25211 Sudanell;Total;2022;873
25211 Sudanell;Total;2021;844
25211 Sudanell;Total;2020;840
25211 Sudanell;Total;2019;853
25211 Sudanell;Total;2018;851
25211 Sudanell;Total;2017;874
25211 Sudanell;Total;2016;867
25211 Sudanell;Total;2015;847
25212 Sunyer;Total;2022;332
25212 Sunyer;Total;2021;334
25212 Sunyer;Total;2020;343
25212 Sunyer;Total;2019;352
25212 Sunyer;Total;2018;355
25212 Sunyer;Total;2017;359
25212 Sunyer;Total;2016;350
25212 Sunyer;Total;2015;325
25215 Talarn;Total;2022;562
25215 Talarn;Total;2021;489
25215 Talarn;Total;2020;595
25215 Talarn;Total;2019;585
25215 Talarn;Total;2018;651
25215 Talarn;Total;2017;702
25215 Talarn;Total;2016;689
25215 Talarn;Total;2015;582
25216 Talavera;Total;2022;291
25216 Talavera;Total;2021;287
25216 Talavera;Total;2020;279
25216 Talavera;Total;2019;283
25216 Talavera;Total;2018;247
25216 Talavera;Total;2017;250
25216 Talavera;Total;2016;257
25216 Talavera;Total;2015;262
25217 Tàrrega;Total;2022;17.810
25217 Tàrrega;Total;2021;17.649
25217 Tàrrega;Total;2020;17.445
25217 Tàrrega;Total;2019;17.098
25217 Tàrrega;Total;2018;16.795
25217 Tàrrega;Total;2017;16.599
25217 Tàrrega;Total;2016;16.481
25217 Tàrrega;Total;2015;16.444
25218 Tarrés;Total;2022;105
25218 Tarrés;Total;2021;105
25218 Tarrés;Total;2020;102
25218 Tarrés;Total;2019;106
25218 Tarrés;Total;2018;99
25218 Tarrés;Total;2017;99
25218 Tarrés;Total;2016;100
25218 Tarrés;Total;2015;103
25219 Tarroja de Segarra;Total;2022;175
25219 Tarroja de Segarra;Total;2021;187
25219 Tarroja de Segarra;Total;2020;188
25219 Tarroja de Segarra;Total;2019;187
25219 Tarroja de Segarra;Total;2018;183
25219 Tarroja de Segarra;Total;2017;181
25219 Tarroja de Segarra;Total;2016;182
25219 Tarroja de Segarra;Total;2015;178
25220 Térmens;Total;2022;1.363
25220 Térmens;Total;2021;1.330
25220 Térmens;Total;2020;1.360
25220 Térmens;Total;2019;1.333
25220 Térmens;Total;2018;1.383
25220 Térmens;Total;2017;1.442
25220 Térmens;Total;2016;1.526
25220 Térmens;Total;2015;1.531
25221 Tírvia;Total;2022;132
25221 Tírvia;Total;2021;131
25221 Tírvia;Total;2020;134
25221 Tírvia;Total;2019;131
25221 Tírvia;Total;2018;134
25221 Tírvia;Total;2017;141
25221 Tírvia;Total;2016;143
25221 Tírvia;Total;2015;153
25222 Tiurana;Total;2022;71
25222 Tiurana;Total;2021;73
25222 Tiurana;Total;2020;77
25222 Tiurana;Total;2019;73
25222 Tiurana;Total;2018;74
25222 Tiurana;Total;2017;76
25222 Tiurana;Total;2016;73
25222 Tiurana;Total;2015;72
25223 Torà;Total;2022;1.224
25223 Torà;Total;2021;1.209
25223 Torà;Total;2020;1.237
25223 Torà;Total;2019;1.255
25223 Torà;Total;2018;1.244
25223 Torà;Total;2017;1.223
25223 Torà;Total;2016;1.215
25223 Torà;Total;2015;1.232
25224 Torms, Els;Total;2022;149
25224 Torms, Els;Total;2021;145
25224 Torms, Els;Total;2020;138
25224 Torms, Els;Total;2019;144
25224 Torms, Els;Total;2018;151
25224 Torms, Els;Total;2017;147
25224 Torms, Els;Total;2016;149
25224 Torms, Els;Total;2015;147
25225 Tornabous;Total;2022;847
25225 Tornabous;Total;2021;826
25225 Tornabous;Total;2020;822
25225 Tornabous;Total;2019;858
25225 Tornabous;Total;2018;879
25225 Tornabous;Total;2017;858
25225 Tornabous;Total;2016;882
25225 Tornabous;Total;2015;885
25227 Torre de Cabdella, La;Total;2022;764
25227 Torre de Cabdella, La;Total;2021;765
25227 Torre de Cabdella, La;Total;2020;759
25227 Torre de Cabdella, La;Total;2019;760
25227 Torre de Cabdella, La;Total;2018;747
25227 Torre de Cabdella, La;Total;2017;754
25227 Torre de Cabdella, La;Total;2016;748
25227 Torre de Cabdella, La;Total;2015;762
25226 Torrebesses;Total;2022;300
25226 Torrebesses;Total;2021;298
25226 Torrebesses;Total;2020;267
25226 Torrebesses;Total;2019;282
25226 Torrebesses;Total;2018;289
25226 Torrebesses;Total;2017;290
25226 Torrebesses;Total;2016;293
25226 Torrebesses;Total;2015;286
25228 Torrefarrera;Total;2022;4.730
25228 Torrefarrera;Total;2021;4.702
25228 Torrefarrera;Total;2020;4.694
25228 Torrefarrera;Total;2019;4.605
25228 Torrefarrera;Total;2018;4.630
25228 Torrefarrera;Total;2017;4.653
25228 Torrefarrera;Total;2016;4.630
25228 Torrefarrera;Total;2015;4.611
25907 Torrefeta i Florejacs;Total;2022;621
25907 Torrefeta i Florejacs;Total;2021;602
25907 Torrefeta i Florejacs;Total;2020;607
25907 Torrefeta i Florejacs;Total;2019;602
25907 Torrefeta i Florejacs;Total;2018;590
25907 Torrefeta i Florejacs;Total;2017;591
25907 Torrefeta i Florejacs;Total;2016;590
25907 Torrefeta i Florejacs;Total;2015;604
25230 Torregrossa;Total;2022;2.155
25230 Torregrossa;Total;2021;2.157
25230 Torregrossa;Total;2020;2.179
25230 Torregrossa;Total;2019;2.202
25230 Torregrossa;Total;2018;2.190
25230 Torregrossa;Total;2017;2.192
25230 Torregrossa;Total;2016;2.166
25230 Torregrossa;Total;2015;2.255
25231 Torrelameu;Total;2022;765
25231 Torrelameu;Total;2021;759
25231 Torrelameu;Total;2020;735
25231 Torrelameu;Total;2019;743
25231 Torrelameu;Total;2018;742
25231 Torrelameu;Total;2017;715
25231 Torrelameu;Total;2016;703
25231 Torrelameu;Total;2015;706
25232 Torres de Segre;Total;2022;2.248
25232 Torres de Segre;Total;2021;2.381
25232 Torres de Segre;Total;2020;2.366
25232 Torres de Segre;Total;2019;2.277
25232 Torres de Segre;Total;2018;2.307
25232 Torres de Segre;Total;2017;2.225
25232 Torres de Segre;Total;2016;2.253
25232 Torres de Segre;Total;2015;2.271
25233 Torre-serona;Total;2022;387
25233 Torre-serona;Total;2021;383
25233 Torre-serona;Total;2020;398
25233 Torre-serona;Total;2019;397
25233 Torre-serona;Total;2018;386
25233 Torre-serona;Total;2017;363
25233 Torre-serona;Total;2016;379
25233 Torre-serona;Total;2015;379
25234 Tremp;Total;2022;5.847
25234 Tremp;Total;2021;5.893
25234 Tremp;Total;2020;5.911
25234 Tremp;Total;2019;5.844
25234 Tremp;Total;2018;5.824
25234 Tremp;Total;2017;5.906
25234 Tremp;Total;2016;6.026
25234 Tremp;Total;2015;6.175
25043 Vall de Boí, La;Total;2022;1.090
25043 Vall de Boí, La;Total;2021;1.060
25043 Vall de Boí, La;Total;2020;1.019
25043 Vall de Boí, La;Total;2019;1.021
25043 Vall de Boí, La;Total;2018;1.022
25043 Vall de Boí, La;Total;2017;1.015
25043 Vall de Boí, La;Total;2016;1.022
25043 Vall de Boí, La;Total;2015;1.004
25901 Vall de Cardós;Total;2022;386
25901 Vall de Cardós;Total;2021;382
25901 Vall de Cardós;Total;2020;350
25901 Vall de Cardós;Total;2019;364
25901 Vall de Cardós;Total;2018;372
25901 Vall de Cardós;Total;2017;360
25901 Vall de Cardós;Total;2016;356
25901 Vall de Cardós;Total;2015;368
25238 Vallbona de les Monges;Total;2022;227
25238 Vallbona de les Monges;Total;2021;236
25238 Vallbona de les Monges;Total;2020;243
25238 Vallbona de les Monges;Total;2019;233
25238 Vallbona de les Monges;Total;2018;234
25238 Vallbona de les Monges;Total;2017;226
25238 Vallbona de les Monges;Total;2016;241
25238 Vallbona de les Monges;Total;2015;256
25240 Vallfogona de Balaguer;Total;2022;1.935
25240 Vallfogona de Balaguer;Total;2021;1.912
25240 Vallfogona de Balaguer;Total;2020;1.906
25240 Vallfogona de Balaguer;Total;2019;1.876
25240 Vallfogona de Balaguer;Total;2018;1.884
25240 Vallfogona de Balaguer;Total;2017;1.867
25240 Vallfogona de Balaguer;Total;2016;1.868
25240 Vallfogona de Balaguer;Total;2015;1.880
25906 Valls d'Aguilar, Les;Total;2022;274
25906 Valls d'Aguilar, Les;Total;2021;264
25906 Valls d'Aguilar, Les;Total;2020;245
25906 Valls d'Aguilar, Les;Total;2019;260
25906 Valls d'Aguilar, Les;Total;2018;272
25906 Valls d'Aguilar, Les;Total;2017;277
25906 Valls d'Aguilar, Les;Total;2016;291
25906 Valls d'Aguilar, Les;Total;2015;302
25239 Valls de Valira, Les;Total;2022;794
25239 Valls de Valira, Les;Total;2021;800
25239 Valls de Valira, Les;Total;2020;784
25239 Valls de Valira, Les;Total;2019;791
25239 Valls de Valira, Les;Total;2018;803
25239 Valls de Valira, Les;Total;2017;808
25239 Valls de Valira, Les;Total;2016;817
25239 Valls de Valira, Les;Total;2015;845
25909 Vansa i Fórnols, La;Total;2022;166
25909 Vansa i Fórnols, La;Total;2021;156
25909 Vansa i Fórnols, La;Total;2020;149
25909 Vansa i Fórnols, La;Total;2019;161
25909 Vansa i Fórnols, La;Total;2018;168
25909 Vansa i Fórnols, La;Total;2017;180
25909 Vansa i Fórnols, La;Total;2016;200
25909 Vansa i Fórnols, La;Total;2015;210
25242 Verdú;Total;2022;851
25242 Verdú;Total;2021;880
25242 Verdú;Total;2020;902
25242 Verdú;Total;2019;919
25242 Verdú;Total;2018;905
25242 Verdú;Total;2017;924
25242 Verdú;Total;2016;933
25242 Verdú;Total;2015;947
25243 Vielha e Mijaran;Total;2022;5.581
25243 Vielha e Mijaran;Total;2021;5.674
25243 Vielha e Mijaran;Total;2020;5.611
25243 Vielha e Mijaran;Total;2019;5.559
25243 Vielha e Mijaran;Total;2018;5.493
25243 Vielha e Mijaran;Total;2017;5.512
25243 Vielha e Mijaran;Total;2016;5.459
25243 Vielha e Mijaran;Total;2015;5.450
25244 Vilagrassa;Total;2022;605
25244 Vilagrassa;Total;2021;587
25244 Vilagrassa;Total;2020;560
25244 Vilagrassa;Total;2019;541
25244 Vilagrassa;Total;2018;510
25244 Vilagrassa;Total;2017;522
25244 Vilagrassa;Total;2016;510
25244 Vilagrassa;Total;2015;522
25245 Vilaller;Total;2022;532
25245 Vilaller;Total;2021;554
25245 Vilaller;Total;2020;549
25245 Vilaller;Total;2019;561
25245 Vilaller;Total;2018;536
25245 Vilaller;Total;2017;547
25245 Vilaller;Total;2016;552
25245 Vilaller;Total;2015;566
25247 Vilamòs;Total;2022;172
25247 Vilamòs;Total;2021;164
25247 Vilamòs;Total;2020;178
25247 Vilamòs;Total;2019;187
25247 Vilamòs;Total;2018;159
25247 Vilamòs;Total;2017;151
25247 Vilamòs;Total;2016;151
25247 Vilamòs;Total;2015;164
25248 Vilanova de Bellpuig;Total;2022;1.179
25248 Vilanova de Bellpuig;Total;2021;1.178
25248 Vilanova de Bellpuig;Total;2020;1.183
25248 Vilanova de Bellpuig;Total;2019;1.181
25248 Vilanova de Bellpuig;Total;2018;1.170
25248 Vilanova de Bellpuig;Total;2017;1.159
25248 Vilanova de Bellpuig;Total;2016;1.168
25248 Vilanova de Bellpuig;Total;2015;1.175
25254 Vilanova de la Barca;Total;2022;1.110
25254 Vilanova de la Barca;Total;2021;1.127
25254 Vilanova de la Barca;Total;2020;1.088
25254 Vilanova de la Barca;Total;2019;1.036
25254 Vilanova de la Barca;Total;2018;1.039
25254 Vilanova de la Barca;Total;2017;1.044
25254 Vilanova de la Barca;Total;2016;1.054
25254 Vilanova de la Barca;Total;2015;1.099
25249 Vilanova de l'Aguda;Total;2022;200
25249 Vilanova de l'Aguda;Total;2021;194
25249 Vilanova de l'Aguda;Total;2020;200
25249 Vilanova de l'Aguda;Total;2019;197
25249 Vilanova de l'Aguda;Total;2018;202
25249 Vilanova de l'Aguda;Total;2017;206
25249 Vilanova de l'Aguda;Total;2016;213
25249 Vilanova de l'Aguda;Total;2015;218
25250 Vilanova de Meià;Total;2022;413
25250 Vilanova de Meià;Total;2021;427
25250 Vilanova de Meià;Total;2020;415
25250 Vilanova de Meià;Total;2019;389
25250 Vilanova de Meià;Total;2018;395
25250 Vilanova de Meià;Total;2017;401
25250 Vilanova de Meià;Total;2016;414
25250 Vilanova de Meià;Total;2015;424
25251 Vilanova de Segrià;Total;2022;1.021
25251 Vilanova de Segrià;Total;2021;1.000
25251 Vilanova de Segrià;Total;2020;985
25251 Vilanova de Segrià;Total;2019;977
25251 Vilanova de Segrià;Total;2018;945
25251 Vilanova de Segrià;Total;2017;943
25251 Vilanova de Segrià;Total;2016;941
25251 Vilanova de Segrià;Total;2015;940
25252 Vila-sana;Total;2022;767
25252 Vila-sana;Total;2021;761
25252 Vila-sana;Total;2020;734
25252 Vila-sana;Total;2019;742
25252 Vila-sana;Total;2018;717
25252 Vila-sana;Total;2017;721
25252 Vila-sana;Total;2016;732
25252 Vila-sana;Total;2015;718
25253 Vilosell, El;Total;2022;195
25253 Vilosell, El;Total;2021;192
25253 Vilosell, El;Total;2020;173
25253 Vilosell, El;Total;2019;169
25253 Vilosell, El;Total;2018;168
25253 Vilosell, El;Total;2017;180
25253 Vilosell, El;Total;2016;185
25253 Vilosell, El;Total;2015;187
25255 Vinaixa;Total;2022;465
25255 Vinaixa;Total;2021;464
25255 Vinaixa;Total;2020;450
25255 Vinaixa;Total;2019;470
25255 Vinaixa;Total;2018;482
25255 Vinaixa;Total;2017;483
25255 Vinaixa;Total;2016;499
25255 Vinaixa;Total;2015;526
