Municipios;Distritos;Secciones;Indicadores de renta media y mediana;Periodo;Total
17001 Agullana;;;Renta neta media por hogar;2020;34.421
17001 Agullana;;;Renta neta media por hogar;2019;36.909
17001 Agullana;;;Renta neta media por hogar;2018;35.371
17001 Agullana;;;Renta neta media por hogar;2017;33.400
17001 Agullana;;;Renta neta media por hogar;2016;32.493
17001 Agullana;;;Renta neta media por hogar;2015;32.034
17002 Aiguaviva;;;Renta neta media por hogar;2020;57.295
17002 Aiguaviva;;;Renta neta media por hogar;2019;56.407
17002 Aiguaviva;;;Renta neta media por hogar;2018;53.283
17002 Aiguaviva;;;Renta neta media por hogar;2017;52.459
17002 Aiguaviva;;;Renta neta media por hogar;2016;49.579
17002 Aiguaviva;;;Renta neta media por hogar;2015;49.025
17003 Albanyà;;;Renta neta media por hogar;2020;29.450
17003 Albanyà;;;Renta neta media por hogar;2019;26.718
17003 Albanyà;;;Renta neta media por hogar;2018;27.296
17003 Albanyà;;;Renta neta media por hogar;2017;24.630
17003 Albanyà;;;Renta neta media por hogar;2016;24.263
17003 Albanyà;;;Renta neta media por hogar;2015;23.906
17004 Albons;;;Renta neta media por hogar;2020;35.622
17004 Albons;;;Renta neta media por hogar;2019;35.428
17004 Albons;;;Renta neta media por hogar;2018;34.827
17004 Albons;;;Renta neta media por hogar;2017;33.445
17004 Albons;;;Renta neta media por hogar;2016;32.528
17004 Albons;;;Renta neta media por hogar;2015;31.110
17005 Far d'Empordà, El;;;Renta neta media por hogar;2020;40.496
17005 Far d'Empordà, El;;;Renta neta media por hogar;2019;40.356
17005 Far d'Empordà, El;;;Renta neta media por hogar;2018;37.676
17005 Far d'Empordà, El;;;Renta neta media por hogar;2017;34.298
17005 Far d'Empordà, El;;;Renta neta media por hogar;2016;34.212
17005 Far d'Empordà, El;;;Renta neta media por hogar;2015;33.452
17006 Alp;;;Renta neta media por hogar;2020;37.440
17006 Alp;;;Renta neta media por hogar;2019;36.143
17006 Alp;;;Renta neta media por hogar;2018;35.632
17006 Alp;;;Renta neta media por hogar;2017;33.814
17006 Alp;;;Renta neta media por hogar;2016;33.873
17006 Alp;;;Renta neta media por hogar;2015;32.387
17007 Amer;;;Renta neta media por hogar;2020;37.538
17007 Amer;;;Renta neta media por hogar;2019;36.693
17007 Amer;;;Renta neta media por hogar;2018;36.490
17007 Amer;;;Renta neta media por hogar;2017;35.024
17007 Amer;;;Renta neta media por hogar;2016;34.139
17007 Amer;;;Renta neta media por hogar;2015;33.243
17008 Anglès;;;Renta neta media por hogar;2020;33.747
17008 Anglès;;;Renta neta media por hogar;2019;33.202
17008 Anglès;;;Renta neta media por hogar;2018;31.537
17008 Anglès;;;Renta neta media por hogar;2017;30.809
17008 Anglès;;;Renta neta media por hogar;2016;30.032
17008 Anglès;;;Renta neta media por hogar;2015;29.466
17009 Arbúcies;;;Renta neta media por hogar;2020;32.458
17009 Arbúcies;;;Renta neta media por hogar;2019;32.618
17009 Arbúcies;;;Renta neta media por hogar;2018;31.579
17009 Arbúcies;;;Renta neta media por hogar;2017;30.235
17009 Arbúcies;;;Renta neta media por hogar;2016;29.251
17009 Arbúcies;;;Renta neta media por hogar;2015;28.236
17010 Argelaguer;;;Renta neta media por hogar;2020;33.063
17010 Argelaguer;;;Renta neta media por hogar;2019;32.755
17010 Argelaguer;;;Renta neta media por hogar;2018;30.550
17010 Argelaguer;;;Renta neta media por hogar;2017;29.825
17010 Argelaguer;;;Renta neta media por hogar;2016;30.234
17010 Argelaguer;;;Renta neta media por hogar;2015;28.854
17011 Armentera, L';;;Renta neta media por hogar;2020;36.716
17011 Armentera, L';;;Renta neta media por hogar;2019;35.382
17011 Armentera, L';;;Renta neta media por hogar;2018;35.372
17011 Armentera, L';;;Renta neta media por hogar;2017;33.080
17011 Armentera, L';;;Renta neta media por hogar;2016;32.379
17011 Armentera, L';;;Renta neta media por hogar;2015;30.933
17012 Avinyonet de Puigventós;;;Renta neta media por hogar;2020;42.755
17012 Avinyonet de Puigventós;;;Renta neta media por hogar;2019;42.921
17012 Avinyonet de Puigventós;;;Renta neta media por hogar;2018;41.288
17012 Avinyonet de Puigventós;;;Renta neta media por hogar;2017;39.588
17012 Avinyonet de Puigventós;;;Renta neta media por hogar;2016;38.068
17012 Avinyonet de Puigventós;;;Renta neta media por hogar;2015;36.978
17013 Begur;;;Renta neta media por hogar;2020;36.736
17013 Begur;;;Renta neta media por hogar;2019;34.885
17013 Begur;;;Renta neta media por hogar;2018;33.776
17013 Begur;;;Renta neta media por hogar;2017;31.590
17013 Begur;;;Renta neta media por hogar;2016;30.438
17013 Begur;;;Renta neta media por hogar;2015;29.825
17014 Vajol, La;;;Renta neta media por hogar;2020;35.624
17014 Vajol, La;;;Renta neta media por hogar;2019;.
17014 Vajol, La;;;Renta neta media por hogar;2018;.
17014 Vajol, La;;;Renta neta media por hogar;2017;.
17014 Vajol, La;;;Renta neta media por hogar;2016;.
17014 Vajol, La;;;Renta neta media por hogar;2015;.
17015 Banyoles;;;Renta neta media por hogar;2020;37.832
17015 Banyoles;;;Renta neta media por hogar;2019;37.244
17015 Banyoles;;;Renta neta media por hogar;2018;35.834
17015 Banyoles;;;Renta neta media por hogar;2017;34.143
17015 Banyoles;;;Renta neta media por hogar;2016;33.081
17015 Banyoles;;;Renta neta media por hogar;2015;32.029
17016 Bàscara;;;Renta neta media por hogar;2020;33.123
17016 Bàscara;;;Renta neta media por hogar;2019;34.272
17016 Bàscara;;;Renta neta media por hogar;2018;32.602
17016 Bàscara;;;Renta neta media por hogar;2017;31.016
17016 Bàscara;;;Renta neta media por hogar;2016;31.063
17016 Bàscara;;;Renta neta media por hogar;2015;29.000
17018 Bellcaire d'Empordà;;;Renta neta media por hogar;2020;32.964
17018 Bellcaire d'Empordà;;;Renta neta media por hogar;2019;32.722
17018 Bellcaire d'Empordà;;;Renta neta media por hogar;2018;31.561
17018 Bellcaire d'Empordà;;;Renta neta media por hogar;2017;30.215
17018 Bellcaire d'Empordà;;;Renta neta media por hogar;2016;29.370
17018 Bellcaire d'Empordà;;;Renta neta media por hogar;2015;29.610
17019 Besalú;;;Renta neta media por hogar;2020;34.745
17019 Besalú;;;Renta neta media por hogar;2019;35.792
17019 Besalú;;;Renta neta media por hogar;2018;34.339
17019 Besalú;;;Renta neta media por hogar;2017;33.498
17019 Besalú;;;Renta neta media por hogar;2016;31.807
17019 Besalú;;;Renta neta media por hogar;2015;31.516
17020 Bescanó;;;Renta neta media por hogar;2020;42.136
17020 Bescanó;;;Renta neta media por hogar;2019;41.042
17020 Bescanó;;;Renta neta media por hogar;2018;40.132
17020 Bescanó;;;Renta neta media por hogar;2017;38.214
17020 Bescanó;;;Renta neta media por hogar;2016;37.470
17020 Bescanó;;;Renta neta media por hogar;2015;36.327
17021 Beuda;;;Renta neta media por hogar;2020;36.949
17021 Beuda;;;Renta neta media por hogar;2019;40.056
17021 Beuda;;;Renta neta media por hogar;2018;37.237
17021 Beuda;;;Renta neta media por hogar;2017;33.041
17021 Beuda;;;Renta neta media por hogar;2016;30.532
17021 Beuda;;;Renta neta media por hogar;2015;31.277
17022 Bisbal d'Empordà, La;;;Renta neta media por hogar;2020;30.355
17022 Bisbal d'Empordà, La;;;Renta neta media por hogar;2019;31.317
17022 Bisbal d'Empordà, La;;;Renta neta media por hogar;2018;29.774
17022 Bisbal d'Empordà, La;;;Renta neta media por hogar;2017;27.900
17022 Bisbal d'Empordà, La;;;Renta neta media por hogar;2016;26.782
17022 Bisbal d'Empordà, La;;;Renta neta media por hogar;2015;26.353
17023 Blanes;;;Renta neta media por hogar;2020;29.329
17023 Blanes;;;Renta neta media por hogar;2019;30.128
17023 Blanes;;;Renta neta media por hogar;2018;28.875
17023 Blanes;;;Renta neta media por hogar;2017;27.668
17023 Blanes;;;Renta neta media por hogar;2016;26.823
17023 Blanes;;;Renta neta media por hogar;2015;26.015
17024 Bolvir;;;Renta neta media por hogar;2020;35.110
17024 Bolvir;;;Renta neta media por hogar;2019;37.784
17024 Bolvir;;;Renta neta media por hogar;2018;36.053
17024 Bolvir;;;Renta neta media por hogar;2017;35.379
17024 Bolvir;;;Renta neta media por hogar;2016;34.723
17024 Bolvir;;;Renta neta media por hogar;2015;34.678
17025 Bordils;;;Renta neta media por hogar;2020;42.122
17025 Bordils;;;Renta neta media por hogar;2019;42.159
17025 Bordils;;;Renta neta media por hogar;2018;40.419
17025 Bordils;;;Renta neta media por hogar;2017;38.718
17025 Bordils;;;Renta neta media por hogar;2016;37.756
17025 Bordils;;;Renta neta media por hogar;2015;36.400
17026 Borrassà;;;Renta neta media por hogar;2020;44.522
17026 Borrassà;;;Renta neta media por hogar;2019;44.612
17026 Borrassà;;;Renta neta media por hogar;2018;42.511
17026 Borrassà;;;Renta neta media por hogar;2017;40.394
17026 Borrassà;;;Renta neta media por hogar;2016;41.977
17026 Borrassà;;;Renta neta media por hogar;2015;44.525
17027 Breda;;;Renta neta media por hogar;2020;33.222
17027 Breda;;;Renta neta media por hogar;2019;32.998
17027 Breda;;;Renta neta media por hogar;2018;31.937
17027 Breda;;;Renta neta media por hogar;2017;30.530
17027 Breda;;;Renta neta media por hogar;2016;29.782
17027 Breda;;;Renta neta media por hogar;2015;29.187
17028 Brunyola i Sant Martí Sapresa;;;Renta neta media por hogar;2020;46.122
17028 Brunyola i Sant Martí Sapresa;;;Renta neta media por hogar;2019;46.961
17028 Brunyola i Sant Martí Sapresa;;;Renta neta media por hogar;2018;44.920
17028 Brunyola i Sant Martí Sapresa;;;Renta neta media por hogar;2017;41.250
17028 Brunyola i Sant Martí Sapresa;;;Renta neta media por hogar;2016;41.379
17028 Brunyola i Sant Martí Sapresa;;;Renta neta media por hogar;2015;39.798
17029 Boadella i les Escaules;;;Renta neta media por hogar;2020;39.239
17029 Boadella i les Escaules;;;Renta neta media por hogar;2019;35.390
17029 Boadella i les Escaules;;;Renta neta media por hogar;2018;33.834
17029 Boadella i les Escaules;;;Renta neta media por hogar;2017;30.462
17029 Boadella i les Escaules;;;Renta neta media por hogar;2016;32.873
17029 Boadella i les Escaules;;;Renta neta media por hogar;2015;31.701
17030 Cabanes;;;Renta neta media por hogar;2020;31.569
17030 Cabanes;;;Renta neta media por hogar;2019;32.260
17030 Cabanes;;;Renta neta media por hogar;2018;31.156
17030 Cabanes;;;Renta neta media por hogar;2017;30.730
17030 Cabanes;;;Renta neta media por hogar;2016;29.615
17030 Cabanes;;;Renta neta media por hogar;2015;29.018
17031 Cabanelles;;;Renta neta media por hogar;2020;26.507
17031 Cabanelles;;;Renta neta media por hogar;2019;29.447
17031 Cabanelles;;;Renta neta media por hogar;2018;29.494
17031 Cabanelles;;;Renta neta media por hogar;2017;27.639
17031 Cabanelles;;;Renta neta media por hogar;2016;26.832
17031 Cabanelles;;;Renta neta media por hogar;2015;25.726
17032 Cadaqués;;;Renta neta media por hogar;2020;30.089
17032 Cadaqués;;;Renta neta media por hogar;2019;32.030
17032 Cadaqués;;;Renta neta media por hogar;2018;30.320
17032 Cadaqués;;;Renta neta media por hogar;2017;28.451
17032 Cadaqués;;;Renta neta media por hogar;2016;27.032
17032 Cadaqués;;;Renta neta media por hogar;2015;26.354
17033 Caldes de Malavella;;;Renta neta media por hogar;2020;37.055
17033 Caldes de Malavella;;;Renta neta media por hogar;2019;37.336
17033 Caldes de Malavella;;;Renta neta media por hogar;2018;35.595
17033 Caldes de Malavella;;;Renta neta media por hogar;2017;34.120
17033 Caldes de Malavella;;;Renta neta media por hogar;2016;33.013
17033 Caldes de Malavella;;;Renta neta media por hogar;2015;31.990
17034 Calonge i Sant Antoni;;;Renta neta media por hogar;2020;32.810
17034 Calonge i Sant Antoni;;;Renta neta media por hogar;2019;31.896
17034 Calonge i Sant Antoni;;;Renta neta media por hogar;2018;30.249
17034 Calonge i Sant Antoni;;;Renta neta media por hogar;2017;29.484
17034 Calonge i Sant Antoni;;;Renta neta media por hogar;2016;28.722
17034 Calonge i Sant Antoni;;;Renta neta media por hogar;2015;27.227
17035 Camós;;;Renta neta media por hogar;2020;45.107
17035 Camós;;;Renta neta media por hogar;2019;43.713
17035 Camós;;;Renta neta media por hogar;2018;44.315
17035 Camós;;;Renta neta media por hogar;2017;41.357
17035 Camós;;;Renta neta media por hogar;2016;41.301
17035 Camós;;;Renta neta media por hogar;2015;38.873
17036 Campdevànol;;;Renta neta media por hogar;2020;35.488
17036 Campdevànol;;;Renta neta media por hogar;2019;35.539
17036 Campdevànol;;;Renta neta media por hogar;2018;34.151
17036 Campdevànol;;;Renta neta media por hogar;2017;33.283
17036 Campdevànol;;;Renta neta media por hogar;2016;32.487
17036 Campdevànol;;;Renta neta media por hogar;2015;31.902
17037 Campelles;;;Renta neta media por hogar;2020;35.943
17037 Campelles;;;Renta neta media por hogar;2019;41.726
17037 Campelles;;;Renta neta media por hogar;2018;36.542
17037 Campelles;;;Renta neta media por hogar;2017;32.761
17037 Campelles;;;Renta neta media por hogar;2016;34.017
17037 Campelles;;;Renta neta media por hogar;2015;31.856
17038 Campllong;;;Renta neta media por hogar;2020;51.026
17038 Campllong;;;Renta neta media por hogar;2019;49.529
17038 Campllong;;;Renta neta media por hogar;2018;47.796
17038 Campllong;;;Renta neta media por hogar;2017;46.869
17038 Campllong;;;Renta neta media por hogar;2016;44.553
17038 Campllong;;;Renta neta media por hogar;2015;43.851
17039 Camprodon;;;Renta neta media por hogar;2020;35.493
17039 Camprodon;;;Renta neta media por hogar;2019;34.364
17039 Camprodon;;;Renta neta media por hogar;2018;33.867
17039 Camprodon;;;Renta neta media por hogar;2017;34.584
17039 Camprodon;;;Renta neta media por hogar;2016;31.602
17039 Camprodon;;;Renta neta media por hogar;2015;30.172
17040 Canet d'Adri;;;Renta neta media por hogar;2020;52.933
17040 Canet d'Adri;;;Renta neta media por hogar;2019;50.331
17040 Canet d'Adri;;;Renta neta media por hogar;2018;46.828
17040 Canet d'Adri;;;Renta neta media por hogar;2017;45.647
17040 Canet d'Adri;;;Renta neta media por hogar;2016;45.613
17040 Canet d'Adri;;;Renta neta media por hogar;2015;44.069
17041 Cantallops;;;Renta neta media por hogar;2020;31.870
17041 Cantallops;;;Renta neta media por hogar;2019;32.123
17041 Cantallops;;;Renta neta media por hogar;2018;29.466
17041 Cantallops;;;Renta neta media por hogar;2017;30.320
17041 Cantallops;;;Renta neta media por hogar;2016;29.698
17041 Cantallops;;;Renta neta media por hogar;2015;27.970
17042 Capmany;;;Renta neta media por hogar;2020;34.035
17042 Capmany;;;Renta neta media por hogar;2019;31.119
17042 Capmany;;;Renta neta media por hogar;2018;31.579
17042 Capmany;;;Renta neta media por hogar;2017;39.360
17042 Capmany;;;Renta neta media por hogar;2016;30.748
17042 Capmany;;;Renta neta media por hogar;2015;28.539
17043 Queralbs;;;Renta neta media por hogar;2020;32.281
17043 Queralbs;;;Renta neta media por hogar;2019;34.060
17043 Queralbs;;;Renta neta media por hogar;2018;33.030
17043 Queralbs;;;Renta neta media por hogar;2017;32.234
17043 Queralbs;;;Renta neta media por hogar;2016;30.385
17043 Queralbs;;;Renta neta media por hogar;2015;30.437
17044 Cassà de la Selva;;;Renta neta media por hogar;2020;37.535
17044 Cassà de la Selva;;;Renta neta media por hogar;2019;37.008
17044 Cassà de la Selva;;;Renta neta media por hogar;2018;35.346
17044 Cassà de la Selva;;;Renta neta media por hogar;2017;33.768
17044 Cassà de la Selva;;;Renta neta media por hogar;2016;32.862
17044 Cassà de la Selva;;;Renta neta media por hogar;2015;31.631
17046 Castellfollit de la Roca;;;Renta neta media por hogar;2020;32.558
17046 Castellfollit de la Roca;;;Renta neta media por hogar;2019;31.747
17046 Castellfollit de la Roca;;;Renta neta media por hogar;2018;31.272
17046 Castellfollit de la Roca;;;Renta neta media por hogar;2017;29.451
17046 Castellfollit de la Roca;;;Renta neta media por hogar;2016;29.150
17046 Castellfollit de la Roca;;;Renta neta media por hogar;2015;28.403
17047 Castelló d'Empúries;;;Renta neta media por hogar;2020;26.365
17047 Castelló d'Empúries;;;Renta neta media por hogar;2019;26.894
17047 Castelló d'Empúries;;;Renta neta media por hogar;2018;25.465
17047 Castelló d'Empúries;;;Renta neta media por hogar;2017;24.638
17047 Castelló d'Empúries;;;Renta neta media por hogar;2016;23.849
17047 Castelló d'Empúries;;;Renta neta media por hogar;2015;22.689
17048 Castell-Platja d'Aro;;;Renta neta media por hogar;2020;30.260
17048 Castell-Platja d'Aro;;;Renta neta media por hogar;2019;30.207
17048 Castell-Platja d'Aro;;;Renta neta media por hogar;2018;29.090
17048 Castell-Platja d'Aro;;;Renta neta media por hogar;2017;27.648
17048 Castell-Platja d'Aro;;;Renta neta media por hogar;2016;26.555
17048 Castell-Platja d'Aro;;;Renta neta media por hogar;2015;25.609
17049 Celrà;;;Renta neta media por hogar;2020;41.919
17049 Celrà;;;Renta neta media por hogar;2019;41.835
17049 Celrà;;;Renta neta media por hogar;2018;39.122
17049 Celrà;;;Renta neta media por hogar;2017;38.505
17049 Celrà;;;Renta neta media por hogar;2016;37.034
17049 Celrà;;;Renta neta media por hogar;2015;36.564
17050 Cervià de Ter;;;Renta neta media por hogar;2020;44.300
17050 Cervià de Ter;;;Renta neta media por hogar;2019;43.614
17050 Cervià de Ter;;;Renta neta media por hogar;2018;39.879
17050 Cervià de Ter;;;Renta neta media por hogar;2017;40.009
17050 Cervià de Ter;;;Renta neta media por hogar;2016;38.781
17050 Cervià de Ter;;;Renta neta media por hogar;2015;35.792
17051 Cistella;;;Renta neta media por hogar;2020;33.594
17051 Cistella;;;Renta neta media por hogar;2019;35.916
17051 Cistella;;;Renta neta media por hogar;2018;34.567
17051 Cistella;;;Renta neta media por hogar;2017;32.969
17051 Cistella;;;Renta neta media por hogar;2016;31.316
17051 Cistella;;;Renta neta media por hogar;2015;29.523
17052 Siurana;;;Renta neta media por hogar;2020;54.931
17052 Siurana;;;Renta neta media por hogar;2019;43.174
17052 Siurana;;;Renta neta media por hogar;2018;41.646
17052 Siurana;;;Renta neta media por hogar;2017;38.416
17052 Siurana;;;Renta neta media por hogar;2016;35.996
17052 Siurana;;;Renta neta media por hogar;2015;32.839
17054 Colera;;;Renta neta media por hogar;2020;32.135
17054 Colera;;;Renta neta media por hogar;2019;33.284
17054 Colera;;;Renta neta media por hogar;2018;31.175
17054 Colera;;;Renta neta media por hogar;2017;29.951
17054 Colera;;;Renta neta media por hogar;2016;28.270
17054 Colera;;;Renta neta media por hogar;2015;27.893
17055 Colomers;;;Renta neta media por hogar;2020;38.308
17055 Colomers;;;Renta neta media por hogar;2019;32.589
17055 Colomers;;;Renta neta media por hogar;2018;35.085
17055 Colomers;;;Renta neta media por hogar;2017;31.972
17055 Colomers;;;Renta neta media por hogar;2016;31.656
17055 Colomers;;;Renta neta media por hogar;2015;31.327
17056 Cornellà del Terri;;;Renta neta media por hogar;2020;42.941
17056 Cornellà del Terri;;;Renta neta media por hogar;2019;43.077
17056 Cornellà del Terri;;;Renta neta media por hogar;2018;40.569
17056 Cornellà del Terri;;;Renta neta media por hogar;2017;39.033
17056 Cornellà del Terri;;;Renta neta media por hogar;2016;39.050
17056 Cornellà del Terri;;;Renta neta media por hogar;2015;37.909
17057 Corçà;;;Renta neta media por hogar;2020;38.154
17057 Corçà;;;Renta neta media por hogar;2019;40.228
17057 Corçà;;;Renta neta media por hogar;2018;38.122
17057 Corçà;;;Renta neta media por hogar;2017;34.598
17057 Corçà;;;Renta neta media por hogar;2016;32.968
17057 Corçà;;;Renta neta media por hogar;2015;31.675
17058 Crespià;;;Renta neta media por hogar;2020;35.388
17058 Crespià;;;Renta neta media por hogar;2019;32.590
17058 Crespià;;;Renta neta media por hogar;2018;27.816
17058 Crespià;;;Renta neta media por hogar;2017;27.467
17058 Crespià;;;Renta neta media por hogar;2016;27.416
17058 Crespià;;;Renta neta media por hogar;2015;27.854
17060 Darnius;;;Renta neta media por hogar;2020;30.217
17060 Darnius;;;Renta neta media por hogar;2019;29.951
17060 Darnius;;;Renta neta media por hogar;2018;27.975
17060 Darnius;;;Renta neta media por hogar;2017;26.239
17060 Darnius;;;Renta neta media por hogar;2016;25.287
17060 Darnius;;;Renta neta media por hogar;2015;26.442
17061 Das;;;Renta neta media por hogar;2020;58.029
17061 Das;;;Renta neta media por hogar;2019;51.196
17061 Das;;;Renta neta media por hogar;2018;46.704
17061 Das;;;Renta neta media por hogar;2017;43.693
17061 Das;;;Renta neta media por hogar;2016;42.807
17061 Das;;;Renta neta media por hogar;2015;37.969
17062 Escala, L';;;Renta neta media por hogar;2020;30.716
17062 Escala, L';;;Renta neta media por hogar;2019;31.182
17062 Escala, L';;;Renta neta media por hogar;2018;31.348
17062 Escala, L';;;Renta neta media por hogar;2017;30.249
17062 Escala, L';;;Renta neta media por hogar;2016;26.564
17062 Escala, L';;;Renta neta media por hogar;2015;25.600
17063 Espinelves;;;Renta neta media por hogar;2020;38.894
17063 Espinelves;;;Renta neta media por hogar;2019;36.619
17063 Espinelves;;;Renta neta media por hogar;2018;34.697
17063 Espinelves;;;Renta neta media por hogar;2017;37.500
17063 Espinelves;;;Renta neta media por hogar;2016;33.843
17063 Espinelves;;;Renta neta media por hogar;2015;32.154
17064 Espolla;;;Renta neta media por hogar;2020;33.655
17064 Espolla;;;Renta neta media por hogar;2019;35.684
17064 Espolla;;;Renta neta media por hogar;2018;33.570
17064 Espolla;;;Renta neta media por hogar;2017;32.683
17064 Espolla;;;Renta neta media por hogar;2016;32.087
17064 Espolla;;;Renta neta media por hogar;2015;31.842
17065 Esponellà;;;Renta neta media por hogar;2020;47.309
17065 Esponellà;;;Renta neta media por hogar;2019;46.226
17065 Esponellà;;;Renta neta media por hogar;2018;44.070
17065 Esponellà;;;Renta neta media por hogar;2017;44.017
17065 Esponellà;;;Renta neta media por hogar;2016;40.407
17065 Esponellà;;;Renta neta media por hogar;2015;38.318
17066 Figueres;;;Renta neta media por hogar;2020;29.428
17066 Figueres;;;Renta neta media por hogar;2019;30.181
17066 Figueres;;;Renta neta media por hogar;2018;29.164
17066 Figueres;;;Renta neta media por hogar;2017;27.583
17066 Figueres;;;Renta neta media por hogar;2016;26.989
17066 Figueres;;;Renta neta media por hogar;2015;26.108
17067 Flaçà;;;Renta neta media por hogar;2020;35.830
17067 Flaçà;;;Renta neta media por hogar;2019;35.732
17067 Flaçà;;;Renta neta media por hogar;2018;34.409
17067 Flaçà;;;Renta neta media por hogar;2017;33.145
17067 Flaçà;;;Renta neta media por hogar;2016;32.397
17067 Flaçà;;;Renta neta media por hogar;2015;30.675
17068 Foixà;;;Renta neta media por hogar;2020;43.291
17068 Foixà;;;Renta neta media por hogar;2019;43.387
17068 Foixà;;;Renta neta media por hogar;2018;40.360
17068 Foixà;;;Renta neta media por hogar;2017;36.251
17068 Foixà;;;Renta neta media por hogar;2016;37.102
17068 Foixà;;;Renta neta media por hogar;2015;32.347
17069 Fontanals de Cerdanya;;;Renta neta media por hogar;2020;49.591
17069 Fontanals de Cerdanya;;;Renta neta media por hogar;2019;40.137
17069 Fontanals de Cerdanya;;;Renta neta media por hogar;2018;45.697
17069 Fontanals de Cerdanya;;;Renta neta media por hogar;2017;38.269
17069 Fontanals de Cerdanya;;;Renta neta media por hogar;2016;36.159
17069 Fontanals de Cerdanya;;;Renta neta media por hogar;2015;35.543
17070 Fontanilles;;;Renta neta media por hogar;2020;55.533
17070 Fontanilles;;;Renta neta media por hogar;2019;51.986
17070 Fontanilles;;;Renta neta media por hogar;2018;50.302
17070 Fontanilles;;;Renta neta media por hogar;2017;45.051
17070 Fontanilles;;;Renta neta media por hogar;2016;44.233
17070 Fontanilles;;;Renta neta media por hogar;2015;45.642
17071 Fontcoberta;;;Renta neta media por hogar;2020;45.277
17071 Fontcoberta;;;Renta neta media por hogar;2019;44.487
17071 Fontcoberta;;;Renta neta media por hogar;2018;42.779
17071 Fontcoberta;;;Renta neta media por hogar;2017;41.295
17071 Fontcoberta;;;Renta neta media por hogar;2016;39.949
17071 Fontcoberta;;;Renta neta media por hogar;2015;38.390
17073 Fornells de la Selva;;;Renta neta media por hogar;2020;57.726
17073 Fornells de la Selva;;;Renta neta media por hogar;2019;56.203
17073 Fornells de la Selva;;;Renta neta media por hogar;2018;54.584
17073 Fornells de la Selva;;;Renta neta media por hogar;2017;50.791
17073 Fornells de la Selva;;;Renta neta media por hogar;2016;49.233
17073 Fornells de la Selva;;;Renta neta media por hogar;2015;48.022
17074 Fortià;;;Renta neta media por hogar;2020;37.132
17074 Fortià;;;Renta neta media por hogar;2019;35.110
17074 Fortià;;;Renta neta media por hogar;2018;33.647
17074 Fortià;;;Renta neta media por hogar;2017;33.861
17074 Fortià;;;Renta neta media por hogar;2016;32.846
17074 Fortià;;;Renta neta media por hogar;2015;34.323
17075 Garrigàs;;;Renta neta media por hogar;2020;41.242
17075 Garrigàs;;;Renta neta media por hogar;2019;41.224
17075 Garrigàs;;;Renta neta media por hogar;2018;41.172
17075 Garrigàs;;;Renta neta media por hogar;2017;38.792
17075 Garrigàs;;;Renta neta media por hogar;2016;35.216
17075 Garrigàs;;;Renta neta media por hogar;2015;34.017
17076 Garrigoles;;;Renta neta media por hogar;2020;35.319
17076 Garrigoles;;;Renta neta media por hogar;2019;38.370
17076 Garrigoles;;;Renta neta media por hogar;2018;33.029
17076 Garrigoles;;;Renta neta media por hogar;2017;31.245
17076 Garrigoles;;;Renta neta media por hogar;2016;33.124
17076 Garrigoles;;;Renta neta media por hogar;2015;26.651
17077 Garriguella;;;Renta neta media por hogar;2020;37.530
17077 Garriguella;;;Renta neta media por hogar;2019;34.673
17077 Garriguella;;;Renta neta media por hogar;2018;33.933
17077 Garriguella;;;Renta neta media por hogar;2017;31.470
17077 Garriguella;;;Renta neta media por hogar;2016;30.489
17077 Garriguella;;;Renta neta media por hogar;2015;29.967
17078 Ger;;;Renta neta media por hogar;2020;41.774
17078 Ger;;;Renta neta media por hogar;2019;41.561
17078 Ger;;;Renta neta media por hogar;2018;41.401
17078 Ger;;;Renta neta media por hogar;2017;37.588
17078 Ger;;;Renta neta media por hogar;2016;35.800
17078 Ger;;;Renta neta media por hogar;2015;37.211
17079 Girona;;;Renta neta media por hogar;2020;39.210
17079 Girona;;;Renta neta media por hogar;2019;39.298
17079 Girona;;;Renta neta media por hogar;2018;37.139
17079 Girona;;;Renta neta media por hogar;2017;35.968
17079 Girona;;;Renta neta media por hogar;2016;35.054
17079 Girona;;;Renta neta media por hogar;2015;33.591
17080 Gombrèn;;;Renta neta media por hogar;2020;39.850
17080 Gombrèn;;;Renta neta media por hogar;2019;35.177
17080 Gombrèn;;;Renta neta media por hogar;2018;33.662
17080 Gombrèn;;;Renta neta media por hogar;2017;31.291
17080 Gombrèn;;;Renta neta media por hogar;2016;31.892
17080 Gombrèn;;;Renta neta media por hogar;2015;30.237
17081 Gualta;;;Renta neta media por hogar;2020;42.966
17081 Gualta;;;Renta neta media por hogar;2019;39.297
17081 Gualta;;;Renta neta media por hogar;2018;36.805
17081 Gualta;;;Renta neta media por hogar;2017;35.120
17081 Gualta;;;Renta neta media por hogar;2016;32.719
17081 Gualta;;;Renta neta media por hogar;2015;30.062
17082 Guils de Cerdanya;;;Renta neta media por hogar;2020;44.348
17082 Guils de Cerdanya;;;Renta neta media por hogar;2019;41.816
17082 Guils de Cerdanya;;;Renta neta media por hogar;2018;39.852
17082 Guils de Cerdanya;;;Renta neta media por hogar;2017;37.070
17082 Guils de Cerdanya;;;Renta neta media por hogar;2016;37.718
17082 Guils de Cerdanya;;;Renta neta media por hogar;2015;34.822
17083 Hostalric;;;Renta neta media por hogar;2020;32.837
17083 Hostalric;;;Renta neta media por hogar;2019;32.193
17083 Hostalric;;;Renta neta media por hogar;2018;31.358
17083 Hostalric;;;Renta neta media por hogar;2017;30.273
17083 Hostalric;;;Renta neta media por hogar;2016;29.025
17083 Hostalric;;;Renta neta media por hogar;2015;28.205
17084 Isòvol;;;Renta neta media por hogar;2020;47.164
17084 Isòvol;;;Renta neta media por hogar;2019;47.730
17084 Isòvol;;;Renta neta media por hogar;2018;42.475
17084 Isòvol;;;Renta neta media por hogar;2017;40.940
17084 Isòvol;;;Renta neta media por hogar;2016;42.509
17084 Isòvol;;;Renta neta media por hogar;2015;34.971
17085 Jafre;;;Renta neta media por hogar;2020;41.288
17085 Jafre;;;Renta neta media por hogar;2019;42.410
17085 Jafre;;;Renta neta media por hogar;2018;39.564
17085 Jafre;;;Renta neta media por hogar;2017;38.758
17085 Jafre;;;Renta neta media por hogar;2016;37.360
17085 Jafre;;;Renta neta media por hogar;2015;38.365
17086 Jonquera, La;;;Renta neta media por hogar;2020;35.131
17086 Jonquera, La;;;Renta neta media por hogar;2019;37.467
17086 Jonquera, La;;;Renta neta media por hogar;2018;38.666
17086 Jonquera, La;;;Renta neta media por hogar;2017;34.962
17086 Jonquera, La;;;Renta neta media por hogar;2016;34.466
17086 Jonquera, La;;;Renta neta media por hogar;2015;34.177
17087 Juià;;;Renta neta media por hogar;2020;43.273
17087 Juià;;;Renta neta media por hogar;2019;45.257
17087 Juià;;;Renta neta media por hogar;2018;45.912
17087 Juià;;;Renta neta media por hogar;2017;44.649
17087 Juià;;;Renta neta media por hogar;2016;38.269
17087 Juià;;;Renta neta media por hogar;2015;36.436
17088 Lladó;;;Renta neta media por hogar;2020;38.651
17088 Lladó;;;Renta neta media por hogar;2019;39.140
17088 Lladó;;;Renta neta media por hogar;2018;37.814
17088 Lladó;;;Renta neta media por hogar;2017;35.562
17088 Lladó;;;Renta neta media por hogar;2016;34.860
17088 Lladó;;;Renta neta media por hogar;2015;33.150
17089 Llagostera;;;Renta neta media por hogar;2020;32.710
17089 Llagostera;;;Renta neta media por hogar;2019;31.984
17089 Llagostera;;;Renta neta media por hogar;2018;30.402
17089 Llagostera;;;Renta neta media por hogar;2017;29.181
17089 Llagostera;;;Renta neta media por hogar;2016;28.818
17089 Llagostera;;;Renta neta media por hogar;2015;27.303
17090 Llambilles;;;Renta neta media por hogar;2020;50.879
17090 Llambilles;;;Renta neta media por hogar;2019;51.374
17090 Llambilles;;;Renta neta media por hogar;2018;50.727
17090 Llambilles;;;Renta neta media por hogar;2017;47.437
17090 Llambilles;;;Renta neta media por hogar;2016;46.966
17090 Llambilles;;;Renta neta media por hogar;2015;44.981
17091 Llanars;;;Renta neta media por hogar;2020;34.749
17091 Llanars;;;Renta neta media por hogar;2019;36.233
17091 Llanars;;;Renta neta media por hogar;2018;36.321
17091 Llanars;;;Renta neta media por hogar;2017;35.061
17091 Llanars;;;Renta neta media por hogar;2016;33.857
17091 Llanars;;;Renta neta media por hogar;2015;31.923
17092 Llançà;;;Renta neta media por hogar;2020;29.691
17092 Llançà;;;Renta neta media por hogar;2019;29.198
17092 Llançà;;;Renta neta media por hogar;2018;28.188
17092 Llançà;;;Renta neta media por hogar;2017;27.339
17092 Llançà;;;Renta neta media por hogar;2016;26.834
17092 Llançà;;;Renta neta media por hogar;2015;25.963
17093 Llers;;;Renta neta media por hogar;2020;38.630
17093 Llers;;;Renta neta media por hogar;2019;39.150
17093 Llers;;;Renta neta media por hogar;2018;56.734
17093 Llers;;;Renta neta media por hogar;2017;38.230
17093 Llers;;;Renta neta media por hogar;2016;36.799
17093 Llers;;;Renta neta media por hogar;2015;35.212
17094 Llívia;;;Renta neta media por hogar;2020;35.493
17094 Llívia;;;Renta neta media por hogar;2019;35.597
17094 Llívia;;;Renta neta media por hogar;2018;33.150
17094 Llívia;;;Renta neta media por hogar;2017;33.034
17094 Llívia;;;Renta neta media por hogar;2016;31.192
17094 Llívia;;;Renta neta media por hogar;2015;30.567
17095 Lloret de Mar;;;Renta neta media por hogar;2020;25.326
17095 Lloret de Mar;;;Renta neta media por hogar;2019;27.484
17095 Lloret de Mar;;;Renta neta media por hogar;2018;26.560
17095 Lloret de Mar;;;Renta neta media por hogar;2017;25.229
17095 Lloret de Mar;;;Renta neta media por hogar;2016;24.510
17095 Lloret de Mar;;;Renta neta media por hogar;2015;23.624
17096 Llosses, Les;;;Renta neta media por hogar;2020;32.293
17096 Llosses, Les;;;Renta neta media por hogar;2019;28.632
17096 Llosses, Les;;;Renta neta media por hogar;2018;29.071
17096 Llosses, Les;;;Renta neta media por hogar;2017;27.175
17096 Llosses, Les;;;Renta neta media por hogar;2016;28.849
17096 Llosses, Les;;;Renta neta media por hogar;2015;26.799
17097 Madremanya;;;Renta neta media por hogar;2020;36.727
17097 Madremanya;;;Renta neta media por hogar;2019;46.105
17097 Madremanya;;;Renta neta media por hogar;2018;39.344
17097 Madremanya;;;Renta neta media por hogar;2017;37.186
17097 Madremanya;;;Renta neta media por hogar;2016;45.629
17097 Madremanya;;;Renta neta media por hogar;2015;36.022
17098 Maià de Montcal;;;Renta neta media por hogar;2020;34.268
17098 Maià de Montcal;;;Renta neta media por hogar;2019;35.010
17098 Maià de Montcal;;;Renta neta media por hogar;2018;32.968
17098 Maià de Montcal;;;Renta neta media por hogar;2017;31.374
17098 Maià de Montcal;;;Renta neta media por hogar;2016;29.905
17098 Maià de Montcal;;;Renta neta media por hogar;2015;29.861
17099 Meranges;;;Renta neta media por hogar;2020;35.624
17099 Meranges;;;Renta neta media por hogar;2019;.
17099 Meranges;;;Renta neta media por hogar;2018;36.743
17099 Meranges;;;Renta neta media por hogar;2017;33.701
17099 Meranges;;;Renta neta media por hogar;2016;.
17099 Meranges;;;Renta neta media por hogar;2015;.
17100 Masarac;;;Renta neta media por hogar;2020;36.582
17100 Masarac;;;Renta neta media por hogar;2019;37.025
17100 Masarac;;;Renta neta media por hogar;2018;34.032
17100 Masarac;;;Renta neta media por hogar;2017;34.034
17100 Masarac;;;Renta neta media por hogar;2016;32.469
17100 Masarac;;;Renta neta media por hogar;2015;32.912
17101 Massanes;;;Renta neta media por hogar;2020;29.835
17101 Massanes;;;Renta neta media por hogar;2019;29.897
17101 Massanes;;;Renta neta media por hogar;2018;28.546
17101 Massanes;;;Renta neta media por hogar;2017;27.834
17101 Massanes;;;Renta neta media por hogar;2016;26.346
17101 Massanes;;;Renta neta media por hogar;2015;26.846
17102 Maçanet de Cabrenys;;;Renta neta media por hogar;2020;29.887
17102 Maçanet de Cabrenys;;;Renta neta media por hogar;2019;30.188
17102 Maçanet de Cabrenys;;;Renta neta media por hogar;2018;29.625
17102 Maçanet de Cabrenys;;;Renta neta media por hogar;2017;28.048
17102 Maçanet de Cabrenys;;;Renta neta media por hogar;2016;27.184
17102 Maçanet de Cabrenys;;;Renta neta media por hogar;2015;28.260
17103 Maçanet de la Selva;;;Renta neta media por hogar;2020;31.036
17103 Maçanet de la Selva;;;Renta neta media por hogar;2019;32.117
17103 Maçanet de la Selva;;;Renta neta media por hogar;2018;30.062
17103 Maçanet de la Selva;;;Renta neta media por hogar;2017;28.864
17103 Maçanet de la Selva;;;Renta neta media por hogar;2016;27.911
17103 Maçanet de la Selva;;;Renta neta media por hogar;2015;27.308
17105 Mieres;;;Renta neta media por hogar;2020;31.161
17105 Mieres;;;Renta neta media por hogar;2019;29.777
17105 Mieres;;;Renta neta media por hogar;2018;28.987
17105 Mieres;;;Renta neta media por hogar;2017;29.057
17105 Mieres;;;Renta neta media por hogar;2016;29.691
17105 Mieres;;;Renta neta media por hogar;2015;29.213
17106 Mollet de Peralada;;;Renta neta media por hogar;2020;32.585
17106 Mollet de Peralada;;;Renta neta media por hogar;2019;31.121
17106 Mollet de Peralada;;;Renta neta media por hogar;2018;29.186
17106 Mollet de Peralada;;;Renta neta media por hogar;2017;27.942
17106 Mollet de Peralada;;;Renta neta media por hogar;2016;31.733
17106 Mollet de Peralada;;;Renta neta media por hogar;2015;28.819
17107 Molló;;;Renta neta media por hogar;2020;34.503
17107 Molló;;;Renta neta media por hogar;2019;31.905
17107 Molló;;;Renta neta media por hogar;2018;31.924
17107 Molló;;;Renta neta media por hogar;2017;30.346
17107 Molló;;;Renta neta media por hogar;2016;28.670
17107 Molló;;;Renta neta media por hogar;2015;25.909
17109 Montagut i Oix;;;Renta neta media por hogar;2020;36.530
17109 Montagut i Oix;;;Renta neta media por hogar;2019;34.290
17109 Montagut i Oix;;;Renta neta media por hogar;2018;35.719
17109 Montagut i Oix;;;Renta neta media por hogar;2017;32.317
17109 Montagut i Oix;;;Renta neta media por hogar;2016;32.055
17109 Montagut i Oix;;;Renta neta media por hogar;2015;31.189
17110 Mont-ras;;;Renta neta media por hogar;2020;40.721
17110 Mont-ras;;;Renta neta media por hogar;2019;39.277
17110 Mont-ras;;;Renta neta media por hogar;2018;37.322
17110 Mont-ras;;;Renta neta media por hogar;2017;35.512
17110 Mont-ras;;;Renta neta media por hogar;2016;34.593
17110 Mont-ras;;;Renta neta media por hogar;2015;32.433
17111 Navata;;;Renta neta media por hogar;2020;40.876
17111 Navata;;;Renta neta media por hogar;2019;39.137
17111 Navata;;;Renta neta media por hogar;2018;37.736
17111 Navata;;;Renta neta media por hogar;2017;36.602
17111 Navata;;;Renta neta media por hogar;2016;34.772
17111 Navata;;;Renta neta media por hogar;2015;33.104
17112 Ogassa;;;Renta neta media por hogar;2020;34.368
17112 Ogassa;;;Renta neta media por hogar;2019;33.859
17112 Ogassa;;;Renta neta media por hogar;2018;34.751
17112 Ogassa;;;Renta neta media por hogar;2017;32.435
17112 Ogassa;;;Renta neta media por hogar;2016;30.637
17112 Ogassa;;;Renta neta media por hogar;2015;29.567
17114 Olot;;;Renta neta media por hogar;2020;35.663
17114 Olot;;;Renta neta media por hogar;2019;35.812
17114 Olot;;;Renta neta media por hogar;2018;34.225
17114 Olot;;;Renta neta media por hogar;2017;32.806
17114 Olot;;;Renta neta media por hogar;2016;31.858
17114 Olot;;;Renta neta media por hogar;2015;30.713
17115 Ordis;;;Renta neta media por hogar;2020;44.867
17115 Ordis;;;Renta neta media por hogar;2019;44.865
17115 Ordis;;;Renta neta media por hogar;2018;40.461
17115 Ordis;;;Renta neta media por hogar;2017;37.503
17115 Ordis;;;Renta neta media por hogar;2016;36.064
17115 Ordis;;;Renta neta media por hogar;2015;35.943
17116 Osor;;;Renta neta media por hogar;2020;30.000
17116 Osor;;;Renta neta media por hogar;2019;29.577
17116 Osor;;;Renta neta media por hogar;2018;27.703
17116 Osor;;;Renta neta media por hogar;2017;26.398
17116 Osor;;;Renta neta media por hogar;2016;25.683
17116 Osor;;;Renta neta media por hogar;2015;25.070
17117 Palafrugell;;;Renta neta media por hogar;2020;30.279
17117 Palafrugell;;;Renta neta media por hogar;2019;30.518
17117 Palafrugell;;;Renta neta media por hogar;2018;29.054
17117 Palafrugell;;;Renta neta media por hogar;2017;27.657
17117 Palafrugell;;;Renta neta media por hogar;2016;26.774
17117 Palafrugell;;;Renta neta media por hogar;2015;25.863
17118 Palamós;;;Renta neta media por hogar;2020;32.719
17118 Palamós;;;Renta neta media por hogar;2019;32.794
17118 Palamós;;;Renta neta media por hogar;2018;31.072
17118 Palamós;;;Renta neta media por hogar;2017;29.845
17118 Palamós;;;Renta neta media por hogar;2016;29.151
17118 Palamós;;;Renta neta media por hogar;2015;28.260
17119 Palau de Santa Eulàlia;;;Renta neta media por hogar;2020;44.854
17119 Palau de Santa Eulàlia;;;Renta neta media por hogar;2019;.
17119 Palau de Santa Eulàlia;;;Renta neta media por hogar;2018;.
17119 Palau de Santa Eulàlia;;;Renta neta media por hogar;2017;.
17119 Palau de Santa Eulàlia;;;Renta neta media por hogar;2016;.
17119 Palau de Santa Eulàlia;;;Renta neta media por hogar;2015;.
17120 Palau-saverdera;;;Renta neta media por hogar;2020;34.477
17120 Palau-saverdera;;;Renta neta media por hogar;2019;35.230
17120 Palau-saverdera;;;Renta neta media por hogar;2018;33.418
17120 Palau-saverdera;;;Renta neta media por hogar;2017;31.341
17120 Palau-saverdera;;;Renta neta media por hogar;2016;32.717
17120 Palau-saverdera;;;Renta neta media por hogar;2015;30.383
17121 Palau-sator;;;Renta neta media por hogar;2020;40.549
17121 Palau-sator;;;Renta neta media por hogar;2019;40.901
17121 Palau-sator;;;Renta neta media por hogar;2018;41.053
17121 Palau-sator;;;Renta neta media por hogar;2017;35.931
17121 Palau-sator;;;Renta neta media por hogar;2016;33.291
17121 Palau-sator;;;Renta neta media por hogar;2015;31.549
17123 Palol de Revardit;;;Renta neta media por hogar;2020;44.147
17123 Palol de Revardit;;;Renta neta media por hogar;2019;43.882
17123 Palol de Revardit;;;Renta neta media por hogar;2018;42.285
17123 Palol de Revardit;;;Renta neta media por hogar;2017;40.661
17123 Palol de Revardit;;;Renta neta media por hogar;2016;38.884
17123 Palol de Revardit;;;Renta neta media por hogar;2015;38.661
17124 Pals;;;Renta neta media por hogar;2020;34.914
17124 Pals;;;Renta neta media por hogar;2019;34.584
17124 Pals;;;Renta neta media por hogar;2018;33.370
17124 Pals;;;Renta neta media por hogar;2017;32.153
17124 Pals;;;Renta neta media por hogar;2016;30.801
17124 Pals;;;Renta neta media por hogar;2015;31.292
17125 Pardines;;;Renta neta media por hogar;2020;38.743
17125 Pardines;;;Renta neta media por hogar;2019;36.541
17125 Pardines;;;Renta neta media por hogar;2018;36.168
17125 Pardines;;;Renta neta media por hogar;2017;32.460
17125 Pardines;;;Renta neta media por hogar;2016;32.240
17125 Pardines;;;Renta neta media por hogar;2015;30.069
17126 Parlavà;;;Renta neta media por hogar;2020;38.978
17126 Parlavà;;;Renta neta media por hogar;2019;38.342
17126 Parlavà;;;Renta neta media por hogar;2018;36.686
17126 Parlavà;;;Renta neta media por hogar;2017;35.068
17126 Parlavà;;;Renta neta media por hogar;2016;34.708
17126 Parlavà;;;Renta neta media por hogar;2015;33.203
17128 Pau;;;Renta neta media por hogar;2020;34.486
17128 Pau;;;Renta neta media por hogar;2019;33.958
17128 Pau;;;Renta neta media por hogar;2018;30.756
17128 Pau;;;Renta neta media por hogar;2017;28.808
17128 Pau;;;Renta neta media por hogar;2016;28.600
17128 Pau;;;Renta neta media por hogar;2015;28.285
17129 Pedret i Marzà;;;Renta neta media por hogar;2020;33.300
17129 Pedret i Marzà;;;Renta neta media por hogar;2019;36.150
17129 Pedret i Marzà;;;Renta neta media por hogar;2018;33.487
17129 Pedret i Marzà;;;Renta neta media por hogar;2017;34.615
17129 Pedret i Marzà;;;Renta neta media por hogar;2016;31.452
17129 Pedret i Marzà;;;Renta neta media por hogar;2015;29.969
17130 Pera, La;;;Renta neta media por hogar;2020;44.375
17130 Pera, La;;;Renta neta media por hogar;2019;43.889
17130 Pera, La;;;Renta neta media por hogar;2018;40.567
17130 Pera, La;;;Renta neta media por hogar;2017;38.890
17130 Pera, La;;;Renta neta media por hogar;2016;40.361
17130 Pera, La;;;Renta neta media por hogar;2015;35.512
17132 Peralada;;;Renta neta media por hogar;2020;44.343
17132 Peralada;;;Renta neta media por hogar;2019;44.647
17132 Peralada;;;Renta neta media por hogar;2018;42.749
17132 Peralada;;;Renta neta media por hogar;2017;39.867
17132 Peralada;;;Renta neta media por hogar;2016;38.854
17132 Peralada;;;Renta neta media por hogar;2015;37.942
17133 Planes d'Hostoles, Les;;;Renta neta media por hogar;2020;34.958
17133 Planes d'Hostoles, Les;;;Renta neta media por hogar;2019;34.187
17133 Planes d'Hostoles, Les;;;Renta neta media por hogar;2018;32.693
17133 Planes d'Hostoles, Les;;;Renta neta media por hogar;2017;30.864
17133 Planes d'Hostoles, Les;;;Renta neta media por hogar;2016;30.701
17133 Planes d'Hostoles, Les;;;Renta neta media por hogar;2015;30.116
17134 Planoles;;;Renta neta media por hogar;2020;32.031
17134 Planoles;;;Renta neta media por hogar;2019;33.216
17134 Planoles;;;Renta neta media por hogar;2018;29.406
17134 Planoles;;;Renta neta media por hogar;2017;31.058
17134 Planoles;;;Renta neta media por hogar;2016;30.297
17134 Planoles;;;Renta neta media por hogar;2015;28.614
17135 Pont de Molins;;;Renta neta media por hogar;2020;34.390
17135 Pont de Molins;;;Renta neta media por hogar;2019;34.880
17135 Pont de Molins;;;Renta neta media por hogar;2018;31.692
17135 Pont de Molins;;;Renta neta media por hogar;2017;33.153
17135 Pont de Molins;;;Renta neta media por hogar;2016;29.246
17135 Pont de Molins;;;Renta neta media por hogar;2015;27.200
17136 Pontós;;;Renta neta media por hogar;2020;32.785
17136 Pontós;;;Renta neta media por hogar;2019;33.095
17136 Pontós;;;Renta neta media por hogar;2018;32.030
17136 Pontós;;;Renta neta media por hogar;2017;31.612
17136 Pontós;;;Renta neta media por hogar;2016;32.550
17136 Pontós;;;Renta neta media por hogar;2015;31.184
17137 Porqueres;;;Renta neta media por hogar;2020;42.824
17137 Porqueres;;;Renta neta media por hogar;2019;41.990
17137 Porqueres;;;Renta neta media por hogar;2018;40.791
17137 Porqueres;;;Renta neta media por hogar;2017;38.835
17137 Porqueres;;;Renta neta media por hogar;2016;37.287
17137 Porqueres;;;Renta neta media por hogar;2015;36.119
17138 Portbou;;;Renta neta media por hogar;2020;30.087
17138 Portbou;;;Renta neta media por hogar;2019;29.682
17138 Portbou;;;Renta neta media por hogar;2018;29.134
17138 Portbou;;;Renta neta media por hogar;2017;28.670
17138 Portbou;;;Renta neta media por hogar;2016;27.827
17138 Portbou;;;Renta neta media por hogar;2015;27.954
17139 Preses, Les;;;Renta neta media por hogar;2020;43.429
17139 Preses, Les;;;Renta neta media por hogar;2019;41.644
17139 Preses, Les;;;Renta neta media por hogar;2018;39.460
17139 Preses, Les;;;Renta neta media por hogar;2017;38.395
17139 Preses, Les;;;Renta neta media por hogar;2016;36.518
17139 Preses, Les;;;Renta neta media por hogar;2015;35.478
17140 Port de la Selva, El;;;Renta neta media por hogar;2020;35.465
17140 Port de la Selva, El;;;Renta neta media por hogar;2019;32.891
17140 Port de la Selva, El;;;Renta neta media por hogar;2018;30.891
17140 Port de la Selva, El;;;Renta neta media por hogar;2017;30.308
17140 Port de la Selva, El;;;Renta neta media por hogar;2016;29.510
17140 Port de la Selva, El;;;Renta neta media por hogar;2015;27.744
17141 Puigcerdà;;;Renta neta media por hogar;2020;33.076
17141 Puigcerdà;;;Renta neta media por hogar;2019;32.559
17141 Puigcerdà;;;Renta neta media por hogar;2018;31.849
17141 Puigcerdà;;;Renta neta media por hogar;2017;30.175
17141 Puigcerdà;;;Renta neta media por hogar;2016;29.333
17141 Puigcerdà;;;Renta neta media por hogar;2015;28.402
17142 Quart;;;Renta neta media por hogar;2020;46.141
17142 Quart;;;Renta neta media por hogar;2019;45.515
17142 Quart;;;Renta neta media por hogar;2018;44.161
17142 Quart;;;Renta neta media por hogar;2017;41.319
17142 Quart;;;Renta neta media por hogar;2016;40.456
17142 Quart;;;Renta neta media por hogar;2015;39.573
17143 Rabós;;;Renta neta media por hogar;2020;27.424
17143 Rabós;;;Renta neta media por hogar;2019;26.055
17143 Rabós;;;Renta neta media por hogar;2018;25.023
17143 Rabós;;;Renta neta media por hogar;2017;24.644
17143 Rabós;;;Renta neta media por hogar;2016;24.353
17143 Rabós;;;Renta neta media por hogar;2015;24.823
17144 Regencós;;;Renta neta media por hogar;2020;38.274
17144 Regencós;;;Renta neta media por hogar;2019;38.946
17144 Regencós;;;Renta neta media por hogar;2018;33.765
17144 Regencós;;;Renta neta media por hogar;2017;34.411
17144 Regencós;;;Renta neta media por hogar;2016;32.087
17144 Regencós;;;Renta neta media por hogar;2015;32.773
17145 Ribes de Freser;;;Renta neta media por hogar;2020;32.921
17145 Ribes de Freser;;;Renta neta media por hogar;2019;32.744
17145 Ribes de Freser;;;Renta neta media por hogar;2018;32.287
17145 Ribes de Freser;;;Renta neta media por hogar;2017;31.148
17145 Ribes de Freser;;;Renta neta media por hogar;2016;30.270
17145 Ribes de Freser;;;Renta neta media por hogar;2015;30.131
17146 Riells i Viabrea;;;Renta neta media por hogar;2020;34.144
17146 Riells i Viabrea;;;Renta neta media por hogar;2019;34.480
17146 Riells i Viabrea;;;Renta neta media por hogar;2018;33.350
17146 Riells i Viabrea;;;Renta neta media por hogar;2017;31.341
17146 Riells i Viabrea;;;Renta neta media por hogar;2016;29.796
17146 Riells i Viabrea;;;Renta neta media por hogar;2015;29.848
17147 Ripoll;;;Renta neta media por hogar;2020;33.970
17147 Ripoll;;;Renta neta media por hogar;2019;33.638
17147 Ripoll;;;Renta neta media por hogar;2018;32.555
17147 Ripoll;;;Renta neta media por hogar;2017;31.656
17147 Ripoll;;;Renta neta media por hogar;2016;30.879
17147 Ripoll;;;Renta neta media por hogar;2015;30.199
17148 Riudarenes;;;Renta neta media por hogar;2020;47.203
17148 Riudarenes;;;Renta neta media por hogar;2019;36.439
17148 Riudarenes;;;Renta neta media por hogar;2018;45.239
17148 Riudarenes;;;Renta neta media por hogar;2017;31.700
17148 Riudarenes;;;Renta neta media por hogar;2016;30.759
17148 Riudarenes;;;Renta neta media por hogar;2015;29.067
17149 Riudaura;;;Renta neta media por hogar;2020;41.883
17149 Riudaura;;;Renta neta media por hogar;2019;40.211
17149 Riudaura;;;Renta neta media por hogar;2018;40.875
17149 Riudaura;;;Renta neta media por hogar;2017;38.074
17149 Riudaura;;;Renta neta media por hogar;2016;36.558
17149 Riudaura;;;Renta neta media por hogar;2015;37.123
17150 Riudellots de la Selva;;;Renta neta media por hogar;2020;43.107
17150 Riudellots de la Selva;;;Renta neta media por hogar;2019;42.355
17150 Riudellots de la Selva;;;Renta neta media por hogar;2018;41.587
17150 Riudellots de la Selva;;;Renta neta media por hogar;2017;40.833
17150 Riudellots de la Selva;;;Renta neta media por hogar;2016;39.056
17150 Riudellots de la Selva;;;Renta neta media por hogar;2015;38.897
17151 Riumors;;;Renta neta media por hogar;2020;37.215
17151 Riumors;;;Renta neta media por hogar;2019;36.907
17151 Riumors;;;Renta neta media por hogar;2018;34.363
17151 Riumors;;;Renta neta media por hogar;2017;31.692
17151 Riumors;;;Renta neta media por hogar;2016;30.528
17151 Riumors;;;Renta neta media por hogar;2015;29.936
17152 Roses;;;Renta neta media por hogar;2020;26.906
17152 Roses;;;Renta neta media por hogar;2019;27.983
17152 Roses;;;Renta neta media por hogar;2018;26.661
17152 Roses;;;Renta neta media por hogar;2017;25.502
17152 Roses;;;Renta neta media por hogar;2016;24.447
17152 Roses;;;Renta neta media por hogar;2015;23.290
17153 Rupià;;;Renta neta media por hogar;2020;39.500
17153 Rupià;;;Renta neta media por hogar;2019;43.083
17153 Rupià;;;Renta neta media por hogar;2018;41.668
17153 Rupià;;;Renta neta media por hogar;2017;36.875
17153 Rupià;;;Renta neta media por hogar;2016;34.694
17153 Rupià;;;Renta neta media por hogar;2015;32.169
17154 Sales de Llierca;;;Renta neta media por hogar;2020;34.423
17154 Sales de Llierca;;;Renta neta media por hogar;2019;41.245
17154 Sales de Llierca;;;Renta neta media por hogar;2018;34.077
17154 Sales de Llierca;;;Renta neta media por hogar;2017;32.430
17154 Sales de Llierca;;;Renta neta media por hogar;2016;28.249
17154 Sales de Llierca;;;Renta neta media por hogar;2015;24.086
17155 Salt;;;Renta neta media por hogar;2020;30.457
17155 Salt;;;Renta neta media por hogar;2019;30.231
17155 Salt;;;Renta neta media por hogar;2018;28.685
17155 Salt;;;Renta neta media por hogar;2017;27.372
17155 Salt;;;Renta neta media por hogar;2016;26.182
17155 Salt;;;Renta neta media por hogar;2015;24.858
17157 Sant Andreu Salou;;;Renta neta media por hogar;2020;49.158
17157 Sant Andreu Salou;;;Renta neta media por hogar;2019;49.228
17157 Sant Andreu Salou;;;Renta neta media por hogar;2018;55.246
17157 Sant Andreu Salou;;;Renta neta media por hogar;2017;48.924
17157 Sant Andreu Salou;;;Renta neta media por hogar;2016;49.157
17157 Sant Andreu Salou;;;Renta neta media por hogar;2015;45.732
17158 Sant Climent Sescebes;;;Renta neta media por hogar;2020;26.931
17158 Sant Climent Sescebes;;;Renta neta media por hogar;2019;27.121
17158 Sant Climent Sescebes;;;Renta neta media por hogar;2018;26.533
17158 Sant Climent Sescebes;;;Renta neta media por hogar;2017;25.896
17158 Sant Climent Sescebes;;;Renta neta media por hogar;2016;25.868
17158 Sant Climent Sescebes;;;Renta neta media por hogar;2015;25.698
17159 Sant Feliu de Buixalleu;;;Renta neta media por hogar;2020;34.947
17159 Sant Feliu de Buixalleu;;;Renta neta media por hogar;2019;25.312
17159 Sant Feliu de Buixalleu;;;Renta neta media por hogar;2018;39.199
17159 Sant Feliu de Buixalleu;;;Renta neta media por hogar;2017;36.770
17159 Sant Feliu de Buixalleu;;;Renta neta media por hogar;2016;37.980
17159 Sant Feliu de Buixalleu;;;Renta neta media por hogar;2015;34.747
17160 Sant Feliu de Guíxols;;;Renta neta media por hogar;2020;30.066
17160 Sant Feliu de Guíxols;;;Renta neta media por hogar;2019;29.875
17160 Sant Feliu de Guíxols;;;Renta neta media por hogar;2018;28.722
17160 Sant Feliu de Guíxols;;;Renta neta media por hogar;2017;27.300
17160 Sant Feliu de Guíxols;;;Renta neta media por hogar;2016;26.571
17160 Sant Feliu de Guíxols;;;Renta neta media por hogar;2015;25.663
17161 Sant Feliu de Pallerols;;;Renta neta media por hogar;2020;40.883
17161 Sant Feliu de Pallerols;;;Renta neta media por hogar;2019;39.680
17161 Sant Feliu de Pallerols;;;Renta neta media por hogar;2018;37.186
17161 Sant Feliu de Pallerols;;;Renta neta media por hogar;2017;35.577
17161 Sant Feliu de Pallerols;;;Renta neta media por hogar;2016;35.275
17161 Sant Feliu de Pallerols;;;Renta neta media por hogar;2015;34.302
17162 Sant Ferriol;;;Renta neta media por hogar;2020;42.660
17162 Sant Ferriol;;;Renta neta media por hogar;2019;35.279
17162 Sant Ferriol;;;Renta neta media por hogar;2018;35.421
17162 Sant Ferriol;;;Renta neta media por hogar;2017;30.887
17162 Sant Ferriol;;;Renta neta media por hogar;2016;30.615
17162 Sant Ferriol;;;Renta neta media por hogar;2015;28.120
17163 Sant Gregori;;;Renta neta media por hogar;2020;52.168
17163 Sant Gregori;;;Renta neta media por hogar;2019;51.336
17163 Sant Gregori;;;Renta neta media por hogar;2018;49.244
17163 Sant Gregori;;;Renta neta media por hogar;2017;46.346
17163 Sant Gregori;;;Renta neta media por hogar;2016;44.824
17163 Sant Gregori;;;Renta neta media por hogar;2015;42.981
17164 Sant Hilari Sacalm;;;Renta neta media por hogar;2020;32.073
17164 Sant Hilari Sacalm;;;Renta neta media por hogar;2019;31.793
17164 Sant Hilari Sacalm;;;Renta neta media por hogar;2018;30.747
17164 Sant Hilari Sacalm;;;Renta neta media por hogar;2017;29.548
17164 Sant Hilari Sacalm;;;Renta neta media por hogar;2016;29.094
17164 Sant Hilari Sacalm;;;Renta neta media por hogar;2015;28.296
17165 Sant Jaume de Llierca;;;Renta neta media por hogar;2020;35.993
17165 Sant Jaume de Llierca;;;Renta neta media por hogar;2019;33.396
17165 Sant Jaume de Llierca;;;Renta neta media por hogar;2018;34.639
17165 Sant Jaume de Llierca;;;Renta neta media por hogar;2017;32.869
17165 Sant Jaume de Llierca;;;Renta neta media por hogar;2016;32.792
17165 Sant Jaume de Llierca;;;Renta neta media por hogar;2015;32.080
17166 Sant Jordi Desvalls;;;Renta neta media por hogar;2020;38.431
17166 Sant Jordi Desvalls;;;Renta neta media por hogar;2019;37.560
17166 Sant Jordi Desvalls;;;Renta neta media por hogar;2018;36.708
17166 Sant Jordi Desvalls;;;Renta neta media por hogar;2017;34.635
17166 Sant Jordi Desvalls;;;Renta neta media por hogar;2016;33.598
17166 Sant Jordi Desvalls;;;Renta neta media por hogar;2015;31.310
17167 Sant Joan de les Abadesses;;;Renta neta media por hogar;2020;35.299
17167 Sant Joan de les Abadesses;;;Renta neta media por hogar;2019;35.301
17167 Sant Joan de les Abadesses;;;Renta neta media por hogar;2018;34.051
17167 Sant Joan de les Abadesses;;;Renta neta media por hogar;2017;32.769
17167 Sant Joan de les Abadesses;;;Renta neta media por hogar;2016;31.746
17167 Sant Joan de les Abadesses;;;Renta neta media por hogar;2015;31.514
17168 Sant Joan de Mollet;;;Renta neta media por hogar;2020;41.755
17168 Sant Joan de Mollet;;;Renta neta media por hogar;2019;41.853
17168 Sant Joan de Mollet;;;Renta neta media por hogar;2018;39.343
17168 Sant Joan de Mollet;;;Renta neta media por hogar;2017;36.759
17168 Sant Joan de Mollet;;;Renta neta media por hogar;2016;32.111
17168 Sant Joan de Mollet;;;Renta neta media por hogar;2015;33.530
17169 Sant Julià de Ramis;;;Renta neta media por hogar;2020;44.682
17169 Sant Julià de Ramis;;;Renta neta media por hogar;2019;44.926
17169 Sant Julià de Ramis;;;Renta neta media por hogar;2018;42.933
17169 Sant Julià de Ramis;;;Renta neta media por hogar;2017;40.402
17169 Sant Julià de Ramis;;;Renta neta media por hogar;2016;39.276
17169 Sant Julià de Ramis;;;Renta neta media por hogar;2015;38.839
17170 Vallfogona de Ripollès;;;Renta neta media por hogar;2020;33.504
17170 Vallfogona de Ripollès;;;Renta neta media por hogar;2019;34.936
17170 Vallfogona de Ripollès;;;Renta neta media por hogar;2018;32.380
17170 Vallfogona de Ripollès;;;Renta neta media por hogar;2017;31.392
17170 Vallfogona de Ripollès;;;Renta neta media por hogar;2016;31.812
17170 Vallfogona de Ripollès;;;Renta neta media por hogar;2015;30.411
17171 Sant Llorenç de la Muga;;;Renta neta media por hogar;2020;31.670
17171 Sant Llorenç de la Muga;;;Renta neta media por hogar;2019;31.039
17171 Sant Llorenç de la Muga;;;Renta neta media por hogar;2018;30.323
17171 Sant Llorenç de la Muga;;;Renta neta media por hogar;2017;26.584
17171 Sant Llorenç de la Muga;;;Renta neta media por hogar;2016;25.337
17171 Sant Llorenç de la Muga;;;Renta neta media por hogar;2015;25.581
17172 Sant Martí de Llémena;;;Renta neta media por hogar;2020;39.279
17172 Sant Martí de Llémena;;;Renta neta media por hogar;2019;38.925
17172 Sant Martí de Llémena;;;Renta neta media por hogar;2018;36.115
17172 Sant Martí de Llémena;;;Renta neta media por hogar;2017;36.373
17172 Sant Martí de Llémena;;;Renta neta media por hogar;2016;35.859
17172 Sant Martí de Llémena;;;Renta neta media por hogar;2015;35.357
17173 Sant Martí Vell;;;Renta neta media por hogar;2020;41.518
17173 Sant Martí Vell;;;Renta neta media por hogar;2019;37.859
17173 Sant Martí Vell;;;Renta neta media por hogar;2018;47.817
17173 Sant Martí Vell;;;Renta neta media por hogar;2017;39.158
17173 Sant Martí Vell;;;Renta neta media por hogar;2016;36.098
17173 Sant Martí Vell;;;Renta neta media por hogar;2015;33.761
17174 Sant Miquel de Campmajor;;;Renta neta media por hogar;2020;38.394
17174 Sant Miquel de Campmajor;;;Renta neta media por hogar;2019;37.685
17174 Sant Miquel de Campmajor;;;Renta neta media por hogar;2018;38.344
17174 Sant Miquel de Campmajor;;;Renta neta media por hogar;2017;35.847
17174 Sant Miquel de Campmajor;;;Renta neta media por hogar;2016;37.455
17174 Sant Miquel de Campmajor;;;Renta neta media por hogar;2015;36.342
17175 Sant Miquel de Fluvià;;;Renta neta media por hogar;2020;30.241
17175 Sant Miquel de Fluvià;;;Renta neta media por hogar;2019;31.674
17175 Sant Miquel de Fluvià;;;Renta neta media por hogar;2018;29.442
17175 Sant Miquel de Fluvià;;;Renta neta media por hogar;2017;27.511
17175 Sant Miquel de Fluvià;;;Renta neta media por hogar;2016;26.569
17175 Sant Miquel de Fluvià;;;Renta neta media por hogar;2015;25.622
17176 Sant Mori;;;Renta neta media por hogar;2020;36.750
17176 Sant Mori;;;Renta neta media por hogar;2019;45.655
17176 Sant Mori;;;Renta neta media por hogar;2018;44.031
17176 Sant Mori;;;Renta neta media por hogar;2017;45.400
17176 Sant Mori;;;Renta neta media por hogar;2016;38.671
17176 Sant Mori;;;Renta neta media por hogar;2015;44.909
17177 Sant Pau de Segúries;;;Renta neta media por hogar;2020;33.392
17177 Sant Pau de Segúries;;;Renta neta media por hogar;2019;31.148
17177 Sant Pau de Segúries;;;Renta neta media por hogar;2018;31.070
17177 Sant Pau de Segúries;;;Renta neta media por hogar;2017;29.487
17177 Sant Pau de Segúries;;;Renta neta media por hogar;2016;28.343
17177 Sant Pau de Segúries;;;Renta neta media por hogar;2015;27.492
17178 Sant Pere Pescador;;;Renta neta media por hogar;2020;31.909
17178 Sant Pere Pescador;;;Renta neta media por hogar;2019;33.637
17178 Sant Pere Pescador;;;Renta neta media por hogar;2018;31.503
17178 Sant Pere Pescador;;;Renta neta media por hogar;2017;28.655
17178 Sant Pere Pescador;;;Renta neta media por hogar;2016;27.343
17178 Sant Pere Pescador;;;Renta neta media por hogar;2015;27.260
17180 Santa Coloma de Farners;;;Renta neta media por hogar;2020;35.249
17180 Santa Coloma de Farners;;;Renta neta media por hogar;2019;34.920
17180 Santa Coloma de Farners;;;Renta neta media por hogar;2018;33.643
17180 Santa Coloma de Farners;;;Renta neta media por hogar;2017;32.897
17180 Santa Coloma de Farners;;;Renta neta media por hogar;2016;31.243
17180 Santa Coloma de Farners;;;Renta neta media por hogar;2015;30.421
17181 Santa Cristina d'Aro;;;Renta neta media por hogar;2020;36.284
17181 Santa Cristina d'Aro;;;Renta neta media por hogar;2019;36.321
17181 Santa Cristina d'Aro;;;Renta neta media por hogar;2018;35.736
17181 Santa Cristina d'Aro;;;Renta neta media por hogar;2017;32.923
17181 Santa Cristina d'Aro;;;Renta neta media por hogar;2016;31.638
17181 Santa Cristina d'Aro;;;Renta neta media por hogar;2015;30.781
17182 Santa Llogaia d'Àlguema;;;Renta neta media por hogar;2020;31.979
17182 Santa Llogaia d'Àlguema;;;Renta neta media por hogar;2019;32.518
17182 Santa Llogaia d'Àlguema;;;Renta neta media por hogar;2018;30.637
17182 Santa Llogaia d'Àlguema;;;Renta neta media por hogar;2017;30.391
17182 Santa Llogaia d'Àlguema;;;Renta neta media por hogar;2016;27.659
17182 Santa Llogaia d'Àlguema;;;Renta neta media por hogar;2015;27.157
17183 Sant Aniol de Finestres;;;Renta neta media por hogar;2020;40.474
17183 Sant Aniol de Finestres;;;Renta neta media por hogar;2019;35.855
17183 Sant Aniol de Finestres;;;Renta neta media por hogar;2018;34.616
17183 Sant Aniol de Finestres;;;Renta neta media por hogar;2017;39.453
17183 Sant Aniol de Finestres;;;Renta neta media por hogar;2016;33.302
17183 Sant Aniol de Finestres;;;Renta neta media por hogar;2015;34.092
17184 Santa Pau;;;Renta neta media por hogar;2020;39.464
17184 Santa Pau;;;Renta neta media por hogar;2019;38.268
17184 Santa Pau;;;Renta neta media por hogar;2018;35.304
17184 Santa Pau;;;Renta neta media por hogar;2017;35.820
17184 Santa Pau;;;Renta neta media por hogar;2016;33.683
17184 Santa Pau;;;Renta neta media por hogar;2015;33.099
17185 Sant Joan les Fonts;;;Renta neta media por hogar;2020;39.424
17185 Sant Joan les Fonts;;;Renta neta media por hogar;2019;38.738
17185 Sant Joan les Fonts;;;Renta neta media por hogar;2018;37.128
17185 Sant Joan les Fonts;;;Renta neta media por hogar;2017;35.684
17185 Sant Joan les Fonts;;;Renta neta media por hogar;2016;35.570
17185 Sant Joan les Fonts;;;Renta neta media por hogar;2015;34.502
17186 Sarrià de Ter;;;Renta neta media por hogar;2020;37.674
17186 Sarrià de Ter;;;Renta neta media por hogar;2019;36.869
17186 Sarrià de Ter;;;Renta neta media por hogar;2018;35.769
17186 Sarrià de Ter;;;Renta neta media por hogar;2017;34.031
17186 Sarrià de Ter;;;Renta neta media por hogar;2016;33.042
17186 Sarrià de Ter;;;Renta neta media por hogar;2015;32.384
17187 Saus, Camallera i Llampaies;;;Renta neta media por hogar;2020;36.475
17187 Saus, Camallera i Llampaies;;;Renta neta media por hogar;2019;40.260
17187 Saus, Camallera i Llampaies;;;Renta neta media por hogar;2018;37.773
17187 Saus, Camallera i Llampaies;;;Renta neta media por hogar;2017;35.447
17187 Saus, Camallera i Llampaies;;;Renta neta media por hogar;2016;34.371
17187 Saus, Camallera i Llampaies;;;Renta neta media por hogar;2015;32.126
17188 Selva de Mar, La;;;Renta neta media por hogar;2020;30.947
17188 Selva de Mar, La;;;Renta neta media por hogar;2019;31.093
17188 Selva de Mar, La;;;Renta neta media por hogar;2018;27.824
17188 Selva de Mar, La;;;Renta neta media por hogar;2017;27.980
17188 Selva de Mar, La;;;Renta neta media por hogar;2016;28.117
17188 Selva de Mar, La;;;Renta neta media por hogar;2015;26.233
17189 Cellera de Ter, La;;;Renta neta media por hogar;2020;34.861
17189 Cellera de Ter, La;;;Renta neta media por hogar;2019;34.645
17189 Cellera de Ter, La;;;Renta neta media por hogar;2018;33.159
17189 Cellera de Ter, La;;;Renta neta media por hogar;2017;32.382
17189 Cellera de Ter, La;;;Renta neta media por hogar;2016;31.646
17189 Cellera de Ter, La;;;Renta neta media por hogar;2015;31.505
17190 Serinyà;;;Renta neta media por hogar;2020;37.918
17190 Serinyà;;;Renta neta media por hogar;2019;38.134
17190 Serinyà;;;Renta neta media por hogar;2018;36.692
17190 Serinyà;;;Renta neta media por hogar;2017;34.448
17190 Serinyà;;;Renta neta media por hogar;2016;34.266
17190 Serinyà;;;Renta neta media por hogar;2015;32.498
17191 Serra de Daró;;;Renta neta media por hogar;2020;43.493
17191 Serra de Daró;;;Renta neta media por hogar;2019;39.605
17191 Serra de Daró;;;Renta neta media por hogar;2018;37.320
17191 Serra de Daró;;;Renta neta media por hogar;2017;36.214
17191 Serra de Daró;;;Renta neta media por hogar;2016;32.512
17191 Serra de Daró;;;Renta neta media por hogar;2015;32.272
17192 Setcases;;;Renta neta media por hogar;2020;35.014
17192 Setcases;;;Renta neta media por hogar;2019;33.974
17192 Setcases;;;Renta neta media por hogar;2018;30.616
17192 Setcases;;;Renta neta media por hogar;2017;32.761
17192 Setcases;;;Renta neta media por hogar;2016;29.534
17192 Setcases;;;Renta neta media por hogar;2015;29.107
17193 Sils;;;Renta neta media por hogar;2020;34.626
17193 Sils;;;Renta neta media por hogar;2019;34.426
17193 Sils;;;Renta neta media por hogar;2018;33.250
17193 Sils;;;Renta neta media por hogar;2017;31.589
17193 Sils;;;Renta neta media por hogar;2016;30.666
17193 Sils;;;Renta neta media por hogar;2015;29.837
17194 Susqueda;;;Renta neta media por hogar;2020;35.624
17194 Susqueda;;;Renta neta media por hogar;2019;.
17194 Susqueda;;;Renta neta media por hogar;2018;33.229
17194 Susqueda;;;Renta neta media por hogar;2017;.
17194 Susqueda;;;Renta neta media por hogar;2016;.
17194 Susqueda;;;Renta neta media por hogar;2015;.
17195 Tallada d'Empordà, La;;;Renta neta media por hogar;2020;38.735
17195 Tallada d'Empordà, La;;;Renta neta media por hogar;2019;37.854
17195 Tallada d'Empordà, La;;;Renta neta media por hogar;2018;35.306
17195 Tallada d'Empordà, La;;;Renta neta media por hogar;2017;37.614
17195 Tallada d'Empordà, La;;;Renta neta media por hogar;2016;36.511
17195 Tallada d'Empordà, La;;;Renta neta media por hogar;2015;34.973
17196 Terrades;;;Renta neta media por hogar;2020;41.178
17196 Terrades;;;Renta neta media por hogar;2019;40.323
17196 Terrades;;;Renta neta media por hogar;2018;37.596
17196 Terrades;;;Renta neta media por hogar;2017;36.035
17196 Terrades;;;Renta neta media por hogar;2016;34.716
17196 Terrades;;;Renta neta media por hogar;2015;34.026
17197 Torrent;;;Renta neta media por hogar;2020;38.114
17197 Torrent;;;Renta neta media por hogar;2019;35.880
17197 Torrent;;;Renta neta media por hogar;2018;33.801
17197 Torrent;;;Renta neta media por hogar;2017;32.227
17197 Torrent;;;Renta neta media por hogar;2016;29.698
17197 Torrent;;;Renta neta media por hogar;2015;34.142
17198 Torroella de Fluvià;;;Renta neta media por hogar;2020;31.985
17198 Torroella de Fluvià;;;Renta neta media por hogar;2019;33.210
17198 Torroella de Fluvià;;;Renta neta media por hogar;2018;30.780
17198 Torroella de Fluvià;;;Renta neta media por hogar;2017;29.232
17198 Torroella de Fluvià;;;Renta neta media por hogar;2016;28.016
17198 Torroella de Fluvià;;;Renta neta media por hogar;2015;27.450
17199 Torroella de Montgrí;;;Renta neta media por hogar;2020;30.883
17199 Torroella de Montgrí;;;Renta neta media por hogar;2019;32.199
17199 Torroella de Montgrí;;;Renta neta media por hogar;2018;30.310
17199 Torroella de Montgrí;;;Renta neta media por hogar;2017;29.360
17199 Torroella de Montgrí;;;Renta neta media por hogar;2016;28.611
17199 Torroella de Montgrí;;;Renta neta media por hogar;2015;27.431
17200 Tortellà;;;Renta neta media por hogar;2020;36.039
17200 Tortellà;;;Renta neta media por hogar;2019;34.716
17200 Tortellà;;;Renta neta media por hogar;2018;33.232
17200 Tortellà;;;Renta neta media por hogar;2017;31.278
17200 Tortellà;;;Renta neta media por hogar;2016;31.259
17200 Tortellà;;;Renta neta media por hogar;2015;31.496
17201 Toses;;;Renta neta media por hogar;2020;38.765
17201 Toses;;;Renta neta media por hogar;2019;37.900
17201 Toses;;;Renta neta media por hogar;2018;37.794
17201 Toses;;;Renta neta media por hogar;2017;38.725
17201 Toses;;;Renta neta media por hogar;2016;33.583
17201 Toses;;;Renta neta media por hogar;2015;30.079
17202 Tossa de Mar;;;Renta neta media por hogar;2020;27.719
17202 Tossa de Mar;;;Renta neta media por hogar;2019;29.511
17202 Tossa de Mar;;;Renta neta media por hogar;2018;28.350
17202 Tossa de Mar;;;Renta neta media por hogar;2017;27.380
17202 Tossa de Mar;;;Renta neta media por hogar;2016;26.637
17202 Tossa de Mar;;;Renta neta media por hogar;2015;26.050
17203 Ultramort;;;Renta neta media por hogar;2020;41.919
17203 Ultramort;;;Renta neta media por hogar;2019;39.953
17203 Ultramort;;;Renta neta media por hogar;2018;37.789
17203 Ultramort;;;Renta neta media por hogar;2017;36.822
17203 Ultramort;;;Renta neta media por hogar;2016;34.019
17203 Ultramort;;;Renta neta media por hogar;2015;27.885
17204 Ullà;;;Renta neta media por hogar;2020;33.402
17204 Ullà;;;Renta neta media por hogar;2019;32.836
17204 Ullà;;;Renta neta media por hogar;2018;31.139
17204 Ullà;;;Renta neta media por hogar;2017;28.987
17204 Ullà;;;Renta neta media por hogar;2016;26.210
17204 Ullà;;;Renta neta media por hogar;2015;25.715
17205 Ullastret;;;Renta neta media por hogar;2020;41.468
17205 Ullastret;;;Renta neta media por hogar;2019;40.994
17205 Ullastret;;;Renta neta media por hogar;2018;43.119
17205 Ullastret;;;Renta neta media por hogar;2017;37.938
17205 Ullastret;;;Renta neta media por hogar;2016;37.783
17205 Ullastret;;;Renta neta media por hogar;2015;42.118
17206 Urús;;;Renta neta media por hogar;2020;45.914
17206 Urús;;;Renta neta media por hogar;2019;43.249
17206 Urús;;;Renta neta media por hogar;2018;41.801
17206 Urús;;;Renta neta media por hogar;2017;47.698
17206 Urús;;;Renta neta media por hogar;2016;41.968
17206 Urús;;;Renta neta media por hogar;2015;40.740
17207 Vall d'en Bas, La;;;Renta neta media por hogar;2020;43.005
17207 Vall d'en Bas, La;;;Renta neta media por hogar;2019;42.320
17207 Vall d'en Bas, La;;;Renta neta media por hogar;2018;40.243
17207 Vall d'en Bas, La;;;Renta neta media por hogar;2017;38.534
17207 Vall d'en Bas, La;;;Renta neta media por hogar;2016;38.030
17207 Vall d'en Bas, La;;;Renta neta media por hogar;2015;36.595
17208 Vall de Bianya, La;;;Renta neta media por hogar;2020;43.106
17208 Vall de Bianya, La;;;Renta neta media por hogar;2019;42.193
17208 Vall de Bianya, La;;;Renta neta media por hogar;2018;40.711
17208 Vall de Bianya, La;;;Renta neta media por hogar;2017;39.279
17208 Vall de Bianya, La;;;Renta neta media por hogar;2016;37.574
17208 Vall de Bianya, La;;;Renta neta media por hogar;2015;37.846
17209 Vall-llobrega;;;Renta neta media por hogar;2020;42.334
17209 Vall-llobrega;;;Renta neta media por hogar;2019;40.937
17209 Vall-llobrega;;;Renta neta media por hogar;2018;38.163
17209 Vall-llobrega;;;Renta neta media por hogar;2017;37.229
17209 Vall-llobrega;;;Renta neta media por hogar;2016;35.823
17209 Vall-llobrega;;;Renta neta media por hogar;2015;34.814
17210 Ventalló;;;Renta neta media por hogar;2020;37.125
17210 Ventalló;;;Renta neta media por hogar;2019;36.525
17210 Ventalló;;;Renta neta media por hogar;2018;38.458
17210 Ventalló;;;Renta neta media por hogar;2017;33.357
17210 Ventalló;;;Renta neta media por hogar;2016;32.892
17210 Ventalló;;;Renta neta media por hogar;2015;30.646
17211 Verges;;;Renta neta media por hogar;2020;34.841
17211 Verges;;;Renta neta media por hogar;2019;36.042
17211 Verges;;;Renta neta media por hogar;2018;33.698
17211 Verges;;;Renta neta media por hogar;2017;30.789
17211 Verges;;;Renta neta media por hogar;2016;29.372
17211 Verges;;;Renta neta media por hogar;2015;28.975
17212 Vidrà;;;Renta neta media por hogar;2020;37.481
17212 Vidrà;;;Renta neta media por hogar;2019;36.743
17212 Vidrà;;;Renta neta media por hogar;2018;34.844
17212 Vidrà;;;Renta neta media por hogar;2017;33.557
17212 Vidrà;;;Renta neta media por hogar;2016;33.141
17212 Vidrà;;;Renta neta media por hogar;2015;31.698
17213 Vidreres;;;Renta neta media por hogar;2020;33.940
17213 Vidreres;;;Renta neta media por hogar;2019;33.827
17213 Vidreres;;;Renta neta media por hogar;2018;33.104
17213 Vidreres;;;Renta neta media por hogar;2017;31.158
17213 Vidreres;;;Renta neta media por hogar;2016;29.715
17213 Vidreres;;;Renta neta media por hogar;2015;29.051
17214 Vilabertran;;;Renta neta media por hogar;2020;38.556
17214 Vilabertran;;;Renta neta media por hogar;2019;39.275
17214 Vilabertran;;;Renta neta media por hogar;2018;37.386
17214 Vilabertran;;;Renta neta media por hogar;2017;35.234
17214 Vilabertran;;;Renta neta media por hogar;2016;34.586
17214 Vilabertran;;;Renta neta media por hogar;2015;33.551
17215 Vilablareix;;;Renta neta media por hogar;2020;48.914
17215 Vilablareix;;;Renta neta media por hogar;2019;47.384
17215 Vilablareix;;;Renta neta media por hogar;2018;46.324
17215 Vilablareix;;;Renta neta media por hogar;2017;44.227
17215 Vilablareix;;;Renta neta media por hogar;2016;42.838
17215 Vilablareix;;;Renta neta media por hogar;2015;40.780
17216 Viladasens;;;Renta neta media por hogar;2020;43.882
17216 Viladasens;;;Renta neta media por hogar;2019;46.263
17216 Viladasens;;;Renta neta media por hogar;2018;45.148
17216 Viladasens;;;Renta neta media por hogar;2017;86.006
17216 Viladasens;;;Renta neta media por hogar;2016;38.629
17216 Viladasens;;;Renta neta media por hogar;2015;37.866
17217 Viladamat;;;Renta neta media por hogar;2020;36.895
17217 Viladamat;;;Renta neta media por hogar;2019;36.445
17217 Viladamat;;;Renta neta media por hogar;2018;36.300
17217 Viladamat;;;Renta neta media por hogar;2017;32.711
17217 Viladamat;;;Renta neta media por hogar;2016;32.144
17217 Viladamat;;;Renta neta media por hogar;2015;31.800
17218 Vilademuls;;;Renta neta media por hogar;2020;43.569
17218 Vilademuls;;;Renta neta media por hogar;2019;43.023
17218 Vilademuls;;;Renta neta media por hogar;2018;41.665
17218 Vilademuls;;;Renta neta media por hogar;2017;40.316
17218 Vilademuls;;;Renta neta media por hogar;2016;38.190
17218 Vilademuls;;;Renta neta media por hogar;2015;36.819
17220 Viladrau;;;Renta neta media por hogar;2020;35.905
17220 Viladrau;;;Renta neta media por hogar;2019;35.867
17220 Viladrau;;;Renta neta media por hogar;2018;35.881
17220 Viladrau;;;Renta neta media por hogar;2017;34.657
17220 Viladrau;;;Renta neta media por hogar;2016;35.339
17220 Viladrau;;;Renta neta media por hogar;2015;35.433
17221 Vilafant;;;Renta neta media por hogar;2020;39.882
17221 Vilafant;;;Renta neta media por hogar;2019;40.146
17221 Vilafant;;;Renta neta media por hogar;2018;38.416
17221 Vilafant;;;Renta neta media por hogar;2017;36.849
17221 Vilafant;;;Renta neta media por hogar;2016;36.332
17221 Vilafant;;;Renta neta media por hogar;2015;35.010
17222 Vilaür;;;Renta neta media por hogar;2020;42.104
17222 Vilaür;;;Renta neta media por hogar;2019;42.923
17222 Vilaür;;;Renta neta media por hogar;2018;42.258
17222 Vilaür;;;Renta neta media por hogar;2017;41.901
17222 Vilaür;;;Renta neta media por hogar;2016;38.150
17222 Vilaür;;;Renta neta media por hogar;2015;33.373
17223 Vilajuïga;;;Renta neta media por hogar;2020;34.327
17223 Vilajuïga;;;Renta neta media por hogar;2019;33.981
17223 Vilajuïga;;;Renta neta media por hogar;2018;32.458
17223 Vilajuïga;;;Renta neta media por hogar;2017;29.901
17223 Vilajuïga;;;Renta neta media por hogar;2016;28.744
17223 Vilajuïga;;;Renta neta media por hogar;2015;27.348
17224 Vilallonga de Ter;;;Renta neta media por hogar;2020;32.349
17224 Vilallonga de Ter;;;Renta neta media por hogar;2019;31.497
17224 Vilallonga de Ter;;;Renta neta media por hogar;2018;29.578
17224 Vilallonga de Ter;;;Renta neta media por hogar;2017;28.498
17224 Vilallonga de Ter;;;Renta neta media por hogar;2016;29.135
17224 Vilallonga de Ter;;;Renta neta media por hogar;2015;28.882
17225 Vilamacolum;;;Renta neta media por hogar;2020;38.455
17225 Vilamacolum;;;Renta neta media por hogar;2019;36.652
17225 Vilamacolum;;;Renta neta media por hogar;2018;34.746
17225 Vilamacolum;;;Renta neta media por hogar;2017;32.090
17225 Vilamacolum;;;Renta neta media por hogar;2016;31.163
17225 Vilamacolum;;;Renta neta media por hogar;2015;28.831
17226 Vilamalla;;;Renta neta media por hogar;2020;39.453
17226 Vilamalla;;;Renta neta media por hogar;2019;37.969
17226 Vilamalla;;;Renta neta media por hogar;2018;37.702
17226 Vilamalla;;;Renta neta media por hogar;2017;35.512
17226 Vilamalla;;;Renta neta media por hogar;2016;33.589
17226 Vilamalla;;;Renta neta media por hogar;2015;32.923
17227 Vilamaniscle;;;Renta neta media por hogar;2020;34.226
17227 Vilamaniscle;;;Renta neta media por hogar;2019;34.533
17227 Vilamaniscle;;;Renta neta media por hogar;2018;32.438
17227 Vilamaniscle;;;Renta neta media por hogar;2017;28.768
17227 Vilamaniscle;;;Renta neta media por hogar;2016;28.884
17227 Vilamaniscle;;;Renta neta media por hogar;2015;27.316
17228 Vilanant;;;Renta neta media por hogar;2020;43.708
17228 Vilanant;;;Renta neta media por hogar;2019;43.202
17228 Vilanant;;;Renta neta media por hogar;2018;40.622
17228 Vilanant;;;Renta neta media por hogar;2017;37.907
17228 Vilanant;;;Renta neta media por hogar;2016;35.197
17228 Vilanant;;;Renta neta media por hogar;2015;38.911
17230 Vila-sacra;;;Renta neta media por hogar;2020;36.413
17230 Vila-sacra;;;Renta neta media por hogar;2019;35.466
17230 Vila-sacra;;;Renta neta media por hogar;2018;35.358
17230 Vila-sacra;;;Renta neta media por hogar;2017;32.646
17230 Vila-sacra;;;Renta neta media por hogar;2016;33.354
17230 Vila-sacra;;;Renta neta media por hogar;2015;33.335
17232 Vilopriu;;;Renta neta media por hogar;2020;45.945
17232 Vilopriu;;;Renta neta media por hogar;2019;35.508
17232 Vilopriu;;;Renta neta media por hogar;2018;37.980
17232 Vilopriu;;;Renta neta media por hogar;2017;34.099
17232 Vilopriu;;;Renta neta media por hogar;2016;33.415
17232 Vilopriu;;;Renta neta media por hogar;2015;33.817
17233 Vilobí d'Onyar;;;Renta neta media por hogar;2020;40.813
17233 Vilobí d'Onyar;;;Renta neta media por hogar;2019;40.057
17233 Vilobí d'Onyar;;;Renta neta media por hogar;2018;38.751
17233 Vilobí d'Onyar;;;Renta neta media por hogar;2017;37.360
17233 Vilobí d'Onyar;;;Renta neta media por hogar;2016;37.092
17233 Vilobí d'Onyar;;;Renta neta media por hogar;2015;35.846
17234 Biure;;;Renta neta media por hogar;2020;31.843
17234 Biure;;;Renta neta media por hogar;2019;30.276
17234 Biure;;;Renta neta media por hogar;2018;29.273
17234 Biure;;;Renta neta media por hogar;2017;28.711
17234 Biure;;;Renta neta media por hogar;2016;26.702
17234 Biure;;;Renta neta media por hogar;2015;27.163
17901 Cruïlles, Monells i Sant Sadurní de l'Heura;;;Renta neta media por hogar;2020;41.657
17901 Cruïlles, Monells i Sant Sadurní de l'Heura;;;Renta neta media por hogar;2019;41.004
17901 Cruïlles, Monells i Sant Sadurní de l'Heura;;;Renta neta media por hogar;2018;38.361
17901 Cruïlles, Monells i Sant Sadurní de l'Heura;;;Renta neta media por hogar;2017;36.645
17901 Cruïlles, Monells i Sant Sadurní de l'Heura;;;Renta neta media por hogar;2016;34.627
17901 Cruïlles, Monells i Sant Sadurní de l'Heura;;;Renta neta media por hogar;2015;31.980
17902 Forallac;;;Renta neta media por hogar;2020;43.227
17902 Forallac;;;Renta neta media por hogar;2019;41.358
17902 Forallac;;;Renta neta media por hogar;2018;36.798
17902 Forallac;;;Renta neta media por hogar;2017;37.429
17902 Forallac;;;Renta neta media por hogar;2016;38.189
17902 Forallac;;;Renta neta media por hogar;2015;37.124
17903 Sant Julià del Llor i Bonmatí;;;Renta neta media por hogar;2020;36.654
17903 Sant Julià del Llor i Bonmatí;;;Renta neta media por hogar;2019;36.270
17903 Sant Julià del Llor i Bonmatí;;;Renta neta media por hogar;2018;33.277
17903 Sant Julià del Llor i Bonmatí;;;Renta neta media por hogar;2017;31.637
17903 Sant Julià del Llor i Bonmatí;;;Renta neta media por hogar;2016;31.893
17903 Sant Julià del Llor i Bonmatí;;;Renta neta media por hogar;2015;30.131
